ㄅㄚ-ㄗˋ-ㄇㄟˊ-ㄐㄧㄢˋ-ㄧˋ-ㄆㄧㄝˇ	八字沒見一撇	-5.74707439	sandhi
ㄅㄚ-ㄗˋ-ㄉㄡ-ㄇㄟˊ-ㄧˋ-ㄆㄧㄝˇ	八字都沒一撇	-5.74707439	sandhi
ㄅㄚ-ㄗˋ-ㄏㄞˊ-ㄇㄟˊ-ㄧ-ㄆㄧㄝˇ	八字還沒一撇	-5.74707439	sandhi
ㄅㄚˇ-ㄅㄨˋ-ㄉㄠˋ	把不到	-6.74013569	sandhi
ㄅㄚˊ-ㄅㄨˋ-ㄉㄠˋ	拔不到	-7.04116568	sandhi
ㄅㄞˇ-ㄅㄨˋ-ㄒㄧㄚˋ	擺不下	-6.43910569	sandhi
ㄅㄞˇ-ㄨˊ-ㄧ-ㄔㄤˊ	百無一長	-6.60980192	sandhi
ㄅㄞˊ-ㄆㄠˇ-ㄧ-ㄊㄤˋ	白跑一趟	-6.60980192	sandhi
ㄅㄟ-ㄅㄨˋ-ㄉㄨㄥˋ	背不動	-7.04116568	sandhi
ㄅㄟˋ-ㄦˊ-ㄅㄨˋ-ㄩㄥˋ	備而不用	-5.60980192	sandhi
ㄅㄠˇ-ㄅㄨˋ-ㄓㄨˋ	保不住	-6.43910569	sandhi
ㄅㄠˇ-ㄘㄢ-ㄧ-ㄉㄨㄣˋ	飽餐一頓	-5.30877192	sandhi
ㄅㄠˋ-ㄒㄧˇ-ㄅㄨˋ-ㄅㄠˋ-ㄧㄡ	報喜不報憂	-5.87740816	sandhi
ㄅㄢ-ㄏㄨㄟˊ-ㄧˋ-ㄔㄥˊ	扳回一城	-6.30877192	sandhi
ㄅㄢˋ-ㄅㄨˋ-ㄉㄠˋ	辦不到	-5.66095444	sandhi
ㄅㄢˋ-ㄒㄧㄣ-ㄅㄨˋ-ㄐㄧㄡˋ	半新不舊	-6.60980192	sandhi
ㄅㄢˋ-ㄕˋ-ㄅㄨˋ-ㄌㄨㄛˋ	辦事不犖	-6.60980192	sandhi
ㄅㄢˋ-ㄕㄣ-ㄅㄨˋ-ㄙㄨㄟˋ	半身不遂	-5.60980192	sandhi
ㄅㄧˇ-ㄅㄨˋ-ㄕㄤˋ	比不上	-4.79565301	sandhi
ㄅㄧˇ-ㄧˋ-ㄕˊ	彼一時	-6.43910569	sandhi
ㄅㄧˋ-ㄑㄧˊ-ㄍㄨㄥ-ㄩˊ-ㄧˊ-ㄧˋ	畢其功於一役	-5.74707439	sandhi
ㄅㄧㄝ-ㄅㄨˋ-ㄓㄨˋ	憋不住	-7.04116568	sandhi
ㄅㄧㄝˊ-ㄕㄨˋ-ㄧ-ㄓˋ	別樹一幟	-6.60980192	sandhi
ㄅㄧㄥˋ-ㄅㄨˋ-ㄏㄨㄟˋ	並不會	-4.59400765	sandhi
ㄅㄧㄥˋ-ㄅㄨˋ-ㄕˋ	並不是	-3.92125027	sandhi
ㄅㄧㄥˋ-ㄅㄨˋ-ㄗㄞˋ	並不在	-5.20865677	sandhi
ㄅㄨˊ-ㄒㄩㄝˋ-ㄧ-ㄕˋ	不屑一世	-6.60980192	sandhi
ㄅㄨˋ-ㄅㄞˋ	不敗	-6.13010676	sandhi
ㄅㄨˋ-ㄅㄞˋ-ㄓ-ㄉㄧˋ	不敗之地	-6.60980192	sandhi
ㄅㄨˋ-ㄅㄟ-ㄅㄨˋ-ㄎㄤˋ	不卑不亢	-5.46367388	sandhi
ㄅㄨˋ-ㄅㄟˋ	不被	-5.09595249	sandhi
ㄅㄨˋ-ㄅㄧˋ	不必	-4.13487055	sandhi
ㄅㄨˋ-ㄅㄧˋ	不避	-6.05755610	sandhi
ㄅㄨˋ-ㄅㄧˋ-ㄐㄧㄢ-ㄒㄧㄢˇ	不避艱險	-6.60980192	sandhi
ㄅㄨˋ-ㄅㄧˋ-ㄧㄠˋ	不必要	-4.82105759	sandhi
ㄅㄨˋ-ㄅㄧㄢˋ	不便	-4.69728319	sandhi
ㄅㄨˋ-ㄅㄧㄢˋ	不變	-4.67595511	sandhi
ㄅㄨˋ-ㄅㄧㄢˋ-ㄗ-ㄅㄣˇ	不變資本	-6.60980192	sandhi
ㄅㄨˋ-ㄆㄚˋ	不怕	-5.08159434	sandhi
ㄅㄨˋ-ㄆㄚˋ-ㄇㄟˊ-ㄔㄞˊ-ㄕㄠ	不怕沒柴燒	-5.87740816	sandhi
ㄅㄨˋ-ㄆㄚˋ-ㄋㄢˊ	不怕難	-6.74013569	sandhi
ㄅㄨˋ-ㄆㄚˋ-ㄎㄨˇ	不怕苦	-6.43910569	sandhi
ㄅㄨˋ-ㄆㄚˋ-ㄙˇ	不怕死	-5.78589318	sandhi
ㄅㄨˋ-ㄆㄛˋ-ㄅㄨˋ-ㄌㄧˋ	不破不立	-6.60980192	sandhi
ㄅㄨˋ-ㄆㄟˋ	不配	-5.75652610	sandhi
ㄅㄨˋ-ㄇㄠˋ	不冒	-7.17149945	sandhi
ㄅㄨˋ-ㄇㄢˋ	不慢	-6.47252944	sandhi
ㄅㄨˋ-ㄇㄧㄝˋ	不滅	-6.26840946	sandhi
ㄅㄨˋ-ㄇㄧㄠˋ	不妙	-5.72434142	sandhi
ㄅㄨˋ-ㄈㄚ-ㄧˋ-ㄩˇ	不發一語	-5.60980192	sandhi
ㄅㄨˋ-ㄈㄟˋ	不費	-5.96737947	sandhi
ㄅㄨˋ-ㄈㄟˋ-ㄔㄨㄟ-ㄏㄨㄟ-ㄓ-ㄌㄧˋ	不費吹灰之力	-5.14501440	sandhi
ㄅㄨˋ-ㄈㄢˋ	不犯	-6.32640141	sandhi
ㄅㄨˋ-ㄈㄤˋ	不放	-5.07112890	sandhi
ㄅㄨˋ-ㄈㄤˋ-ㄍㄨㄛˋ	不放過	-5.59400765	sandhi
ㄅㄨˋ-ㄈㄨˋ	不復	-5.26301443	sandhi
ㄅㄨˋ-ㄈㄨˋ	不負	-5.27940485	sandhi
ㄅㄨˋ-ㄈㄨˋ-ㄓㄨㄥˋ-ㄨㄤˋ	不負眾望	-5.19482857	sandhi
ㄅㄨˋ-ㄈㄨˋ-ㄙㄨㄛˇ-ㄊㄨㄛ	不負所托	-6.60980192	sandhi
ㄅㄨˋ-ㄉㄚˋ	不大	-4.58603872	sandhi
ㄅㄨˋ-ㄉㄚˋ-ㄅㄨˋ-ㄒㄧㄠˇ	不大不小	-6.60980192	sandhi
ㄅㄨˋ-ㄉㄚˋ-ㄏㄠˇ	不大好	-5.96198443	sandhi
ㄅㄨˋ-ㄉㄚˋ-ㄒㄧㄤˇ	不大想	-6.43910569	sandhi
ㄅㄨˋ-ㄉㄞˋ	不帶	-5.61519695	sandhi
ㄅㄨˋ-ㄉㄞˋ	不待	-6.39334820	sandhi
ㄅㄨˋ-ㄉㄞˋ-ㄕㄨㄛ	不待說	-7.04116568	sandhi
ㄅㄨˋ-ㄉㄠˋ	不到	-3.86722440	sandhi
ㄅㄨˋ-ㄉㄠˋ-ㄉㄜˊ	不道德	-5.06803783	sandhi
ㄅㄨˋ-ㄉㄢˋ	不但	-3.90691772	sandhi
ㄅㄨˋ-ㄉㄢˋ-ㄕˋ	不但是	-4.89503765	sandhi
ㄅㄨˋ-ㄉㄧˋ	不第	-7.17149945	sandhi
ㄅㄨˋ-ㄉㄧㄠˋ	不吊	-7.17149945	sandhi
ㄅㄨˋ-ㄉㄧㄠˋ	不掉	-5.34542465	sandhi
ㄅㄨˋ-ㄉㄧㄥˋ	不定	-4.53803099	sandhi
ㄅㄨˋ-ㄉㄧㄥˋ-ㄌㄧㄤˋ	不定量	-7.04116568	sandhi
ㄅㄨˋ-ㄉㄧㄥˋ-ㄍㄣ	不定根	-7.04116568	sandhi
ㄅㄨˋ-ㄉㄧㄥˋ-ㄍㄨㄢˋ-ㄘˊ	不定冠詞	-6.60980192	sandhi
ㄅㄨˋ-ㄉㄧㄥˋ-ㄑㄧˊ	不定期	-5.16035209	sandhi
ㄅㄨˋ-ㄉㄧㄥˋ-ㄒㄧㄥˊ	不定形	-7.04116568	sandhi
ㄅㄨˋ-ㄉㄧㄥˋ-ㄕˊ-ㄓㄚˋ-ㄉㄢˋ	不定時炸彈	-4.79822691	sandhi
ㄅㄨˋ-ㄉㄧㄥˋ-ㄘˊ	不定詞	-7.04116568	sandhi
ㄅㄨˋ-ㄉㄨㄟˋ	不對	-4.34155275	sandhi
ㄅㄨˋ-ㄉㄨㄟˋ-ㄊㄡˊ	不對頭	-6.74013569	sandhi
ㄅㄨˋ-ㄉㄨㄟˋ-ㄨㄟˋ	不對味	-6.43910569	sandhi
ㄅㄨˋ-ㄉㄨㄢˋ	不斷	-3.81470899	sandhi
ㄅㄨˋ-ㄉㄨㄢˋ-ㄉㄜ˙	不斷地	-4.66095444	sandhi
ㄅㄨˋ-ㄉㄨㄢˋ-ㄉㄜ˙	不斷的	-4.49462302	sandhi
ㄅㄨˋ-ㄉㄨㄢˋ-ㄉㄧˋ	不斷地	-4.66095444	sandhi
ㄅㄨˋ-ㄉㄨㄥˋ	不動	-4.59979062	sandhi
ㄅㄨˋ-ㄉㄨㄥˋ-ㄇㄧㄥˊ-ㄨㄤˊ	不動明王	-6.00774193	sandhi
ㄅㄨˋ-ㄉㄨㄥˋ-ㄍㄤˇ	不凍港	-7.04116568	sandhi
ㄅㄨˋ-ㄉㄨㄥˋ-ㄔㄢˇ	不動產	-4.60659678	sandhi
ㄅㄨˋ-ㄊㄜˋ	不特	-5.52804677	sandhi
ㄅㄨˋ-ㄊㄞˋ	不太	-4.19606764	sandhi
ㄅㄨˋ-ㄊㄞˋ-ㄇㄧㄠˋ	不太妙	-6.74013569	sandhi
ㄅㄨˋ-ㄊㄞˋ-ㄋㄥˊ	不太能	-5.23498571	sandhi
ㄅㄨˋ-ㄊㄞˋ-ㄏㄠˇ	不太好	-4.92059175	sandhi
ㄅㄨˋ-ㄊㄞˋ-ㄏㄨㄟˋ	不太會	-4.97670769	sandhi
ㄅㄨˋ-ㄊㄞˋ-ㄒㄧㄤˇ	不太想	-5.56404443	sandhi
ㄅㄨˋ-ㄊㄡˋ	不透	-5.37215890	sandhi
ㄅㄨˋ-ㄊㄡˋ-ㄇㄧㄥˊ	不透明	-5.59400765	sandhi
ㄅㄨˋ-ㄊㄡˋ-ㄇㄧㄥˊ-ㄒㄧㄥˋ	不透明性	-6.60980192	sandhi
ㄅㄨˋ-ㄊㄡˋ-ㄍㄨㄤ	不透光	-7.04116568	sandhi
ㄅㄨˋ-ㄊㄡˋ-ㄕㄨㄟˇ	不透水	-6.04116568	sandhi
ㄅㄨˋ-ㄊㄧˋ	不替	-6.87046945	sandhi
ㄅㄨˋ-ㄊㄧㄠˋ	不跳	-6.56943946	sandhi
ㄅㄨˋ-ㄊㄨˇ-ㄅㄨˋ-ㄎㄨㄞˋ	不吐不快	-5.46367388	sandhi
ㄅㄨˋ-ㄊㄨㄟˋ	不退	-5.87046945	sandhi
ㄅㄨˋ-ㄊㄨㄟˋ-ㄈㄢˇ-ㄐㄧㄣˋ	不退反進	-6.60980192	sandhi
ㄅㄨˋ-ㄊㄨㄥˋ	不痛	-5.79128821	sandhi
ㄅㄨˋ-ㄊㄨㄥˋ-ㄅㄨˋ-ㄧㄤˇ	不痛不癢	-5.70671193	sandhi
ㄅㄨˋ-ㄋㄞˋ	不奈	-7.17149945	sandhi
ㄅㄨˋ-ㄋㄞˋ	不耐	-5.19377584	sandhi
ㄅㄨˋ-ㄋㄞˋ-ㄈㄢˊ	不耐煩	-5.01585982	sandhi
ㄅㄨˋ-ㄋㄧㄢˋ	不念	-5.99540819	sandhi
ㄅㄨˋ-ㄋㄧㄢˋ-ㄐㄧㄡˋ-ㄑㄧㄥˊ	不念舊情	-6.60980192	sandhi
ㄅㄨˋ-ㄌㄜˋ-ㄩˊ	不樂於	-7.04116568	sandhi
ㄅㄨˋ-ㄌㄞˋ	不賴	-5.70910145	sandhi
ㄅㄨˋ-ㄌㄥˇ-ㄅㄨˋ-ㄖㄜˋ	不冷不熱	-6.60980192	sandhi
ㄅㄨˋ-ㄌㄧˋ	不利	-4.71060161	sandhi
ㄅㄨˋ-ㄌㄧˋ	不力	-5.44722358	sandhi
ㄅㄨˋ-ㄌㄧˋ-ㄩˊ	不利於	-5.39771300	sandhi
ㄅㄨˋ-ㄌㄧㄠˋ	不料	-5.07807776	sandhi
ㄅㄨˋ-ㄌㄧㄣˋ	不吝	-5.68013776	sandhi
ㄅㄨˋ-ㄌㄧㄣˋ-ㄓˇ-ㄐㄧㄠˋ	不吝指教	-5.46367388	sandhi
ㄅㄨˋ-ㄌㄧㄣˋ-ㄓˇ-ㄓㄥˋ	不吝指正	-6.30877192	sandhi
ㄅㄨˋ-ㄌㄧㄤˋ-ㄌㄧˋ	不量力	-6.26301443	sandhi
ㄅㄨˋ-ㄌㄧㄤˋ-ㄧㄝˇ-ㄍㄨㄤ	不亮也光	-6.60980192	sandhi
ㄅㄨˋ-ㄌㄧㄥˋ	不另	-6.39334820	sandhi
ㄅㄨˋ-ㄌㄨㄛˋ	不落	-5.55871559	sandhi
ㄅㄨˋ-ㄌㄨㄛˋ-ㄎㄜ-ㄐㄧㄡˋ	不落窠臼	-6.30877192	sandhi
ㄅㄨˋ-ㄌㄨㄛˋ-ㄖㄣˊ-ㄏㄡˋ	不落人後	-4.98655263	sandhi
ㄅㄨˋ-ㄌㄨㄛˋ-ㄙㄨˊ-ㄊㄠˋ	不落俗套	-5.70671193	sandhi
ㄅㄨˋ-ㄌㄨㄣˋ	不論	-4.15572069	sandhi
ㄅㄨˋ-ㄌㄨㄣˋ-ㄕˋ	不論是	-4.45233396	sandhi
ㄅㄨˋ-ㄌㄨㄣˋ-ㄕˋ-ㄕㄟˊ	不論是誰	-6.30877192	sandhi
ㄅㄨˋ-ㄌㄨㄣˋ-ㄕㄜˊ-ㄇㄛ˙	不論什麼	-5.83165067	sandhi
ㄅㄨˋ-ㄌㄨㄣˋ-ㄕㄜˊ-ㄇㄜ˙	不論什麼	-5.83165067	sandhi
ㄅㄨˋ-ㄌㄨㄣˋ-ㄕㄣˊ-ㄇㄛ˙	不論什麼	-5.83165067	sandhi
ㄅㄨˋ-ㄌㄨㄣˋ-ㄕㄣˊ-ㄇㄜ˙	不論什麼	-5.83165067	sandhi
ㄅㄨˋ-ㄌㄨㄣˋ-ㄖㄨˊ-ㄏㄜˊ	不論如何	-5.40568193	sandhi
ㄅㄨˋ-ㄌㄨㄣˋ-ㄗㄜˇ-ㄇㄛ˙	不論怎麼	-6.30877192	sandhi
ㄅㄨˋ-ㄌㄨㄣˋ-ㄗㄜˇ-ㄇㄜ˙	不論怎麼	-6.30877192	sandhi
ㄅㄨˋ-ㄌㄨㄣˋ-ㄗㄜˇ-ㄧㄤˋ	不論怎樣	-6.60980192	sandhi
ㄅㄨˋ-ㄌㄨㄣˋ-ㄗㄣˇ-ㄇㄛ˙	不論怎麼	-6.30877192	sandhi
ㄅㄨˋ-ㄌㄨㄣˋ-ㄗㄣˇ-ㄇㄜ˙	不論怎麼	-6.30877192	sandhi
ㄅㄨˋ-ㄌㄨㄣˋ-ㄗㄣˇ-ㄧㄤˋ	不論怎樣	-6.60980192	sandhi
ㄅㄨˋ-ㄍㄠˋ-ㄦˊ-ㄅㄧㄝˊ	不告而別	-5.70671193	sandhi
ㄅㄨˋ-ㄍㄡˋ	不夠	-4.30698837	sandhi
ㄅㄨˋ-ㄍㄡˋ-ㄎㄢˋ	不夠看	-6.13807569	sandhi
ㄅㄨˋ-ㄍㄨˋ	不顧	-4.91382087	sandhi
ㄅㄨˋ-ㄍㄨˋ-ㄉㄚˋ-ㄐㄩˊ	不顧大局	-6.60980192	sandhi
ㄅㄨˋ-ㄍㄨˋ-ㄏㄡˋ-ㄍㄨㄛˇ	不顧後果	-6.60980192	sandhi
ㄅㄨˋ-ㄍㄨˋ-ㄧˊ-ㄑㄧㄝˋ	不顧一切	-5.07832300	sandhi
ㄅㄨˋ-ㄍㄨㄚˋ	不掛	-6.17149945	sandhi
ㄅㄨˋ-ㄍㄨㄟˋ	不貴	-6.02537141	sandhi
ㄅㄨˋ-ㄍㄨㄢˋ	不慣	-5.82907677	sandhi
ㄅㄨˋ-ㄍㄨㄥ-ㄅㄨˋ-ㄧˋ	不公不義	-5.30877192	sandhi
ㄅㄨˋ-ㄍㄨㄥˋ-ㄉㄞˋ-ㄊㄧㄢ-ㄓ-ㄔㄡˊ	不共戴天之仇	-5.44604439	sandhi
ㄅㄨˋ-ㄎㄜˋ-ㄑㄧˋ	不客氣	-5.50968676	sandhi
ㄅㄨˋ-ㄎㄢˋ	不看	-5.17586425	sandhi
ㄅㄨˋ-ㄎㄤˋ-ㄅㄨˋ-ㄅㄟ	不亢不卑	-6.00774193	sandhi
ㄅㄨˋ-ㄎㄨㄞˋ	不快	-5.33265036	sandhi
ㄅㄨˋ-ㄎㄨㄞˋ-ㄅㄨˋ-ㄇㄢˋ	不快不慢	-6.60980192	sandhi
ㄅㄨˋ-ㄎㄨㄟˋ	不愧	-5.61519695	sandhi
ㄅㄨˋ-ㄎㄨㄟˋ-ㄅㄨˋ-ㄗㄨㄛˋ	不愧不怍	-6.60980192	sandhi
ㄅㄨˋ-ㄎㄨㄟˋ-ㄕˋ	不愧是	-5.59400765	sandhi
ㄅㄨˋ-ㄎㄨㄟˋ-ㄨㄟˊ	不愧為	-6.04116568	sandhi
ㄅㄨˋ-ㄏㄨㄛˋ	不惑	-5.75652610	sandhi
ㄅㄨˋ-ㄏㄨㄛˋ-ㄓ-ㄋㄧㄢˊ	不惑之年	-6.30877192	sandhi
ㄅㄨˋ-ㄏㄨㄞˋ	不壞	-5.89274585	sandhi
ㄅㄨˋ-ㄏㄨㄟˋ	不諱	-5.43910569	sandhi
ㄅㄨˋ-ㄏㄨㄟˋ-ㄅㄨˋ	不會不	-5.37840785	sandhi
ㄅㄨˋ-ㄏㄨㄟˋ-ㄕˋ	不會是	-4.66825368	sandhi
ㄅㄨˋ-ㄏㄨㄟˋ-ㄗㄞˋ	不會在	-4.83704570	sandhi
ㄅㄨˋ-ㄏㄨㄟˋ-ㄧㄡˇ	不會有	-4.14134518	sandhi
ㄅㄨˋ-ㄏㄨㄟˋ-ㄧㄢˊ	不諱言	-5.27773769	sandhi
ㄅㄨˋ-ㄏㄨㄢˋ	不換	-5.96737947	sandhi
ㄅㄨˋ-ㄐㄧˋ	不濟	-5.77355944	sandhi
ㄅㄨˋ-ㄐㄧˋ	不計	-5.25242136	sandhi
ㄅㄨˋ-ㄐㄧˋ-ㄇㄧㄥˊ-ㄊㄡˊ-ㄆㄧㄠˋ	不記名投票	-5.57637816	sandhi
ㄅㄨˋ-ㄐㄧˋ-ㄑㄧˊ-ㄕㄨˋ	不計其數	-5.00774193	sandhi
ㄅㄨˋ-ㄐㄧˋ-ㄔㄥˊ-ㄅㄣˇ	不計成本	-6.30877192	sandhi
ㄅㄨˋ-ㄐㄧˋ-ㄕˋ	不濟事	-6.43910569	sandhi
ㄅㄨˋ-ㄐㄧㄠ-ㄅㄨˋ-ㄗㄠˋ	不驕不躁	-6.60980192	sandhi
ㄅㄨˋ-ㄐㄧㄠˋ-ㄦˊ-ㄓㄨ	不教而誅	-6.60980192	sandhi
ㄅㄨˋ-ㄐㄧㄡˋ	不就	-4.81739101	sandhi
ㄅㄨˋ-ㄐㄧㄡˋ-ㄕˋ	不就是	-4.68323083	sandhi
ㄅㄨˋ-ㄐㄧㄣˋ	不盡	-4.83906099	sandhi
ㄅㄨˋ-ㄐㄧㄣˋ	不進	-5.28500872	sandhi
ㄅㄨˋ-ㄐㄧㄣˋ-ㄅㄨˋ-ㄊㄨㄟˋ	不進不退	-6.60980192	sandhi
ㄅㄨˋ-ㄐㄧㄣˋ-ㄈㄢˇ-ㄊㄨㄟˋ	不進反退	-6.00774193	sandhi
ㄅㄨˋ-ㄐㄧㄣˋ-ㄌㄞˊ	不進來	-6.04116568	sandhi
ㄅㄨˋ-ㄐㄧㄣˋ-ㄑㄩˋ	不進去	-5.24877399	sandhi
ㄅㄨˋ-ㄐㄧㄣˋ-ㄖㄢˊ	不盡然	-5.19606764	sandhi
ㄅㄨˋ-ㄐㄧㄣˋ-ㄖㄣˊ-ㄑㄧㄥˊ	不近人情	-5.46367388	sandhi
ㄅㄨˋ-ㄐㄧㄣˋ-ㄗㄜˊ-ㄊㄨㄟˋ	不進則退	-6.30877192	sandhi
ㄅㄨˋ-ㄐㄧㄤˋ	不降	-6.09231820	sandhi
ㄅㄨˋ-ㄐㄧㄤˋ-ㄈㄢˇ-ㄕㄥ	不降反升	-5.70671193	sandhi
ㄅㄨˋ-ㄐㄧㄥˋ	不敬	-5.75652610	sandhi
ㄅㄨˋ-ㄐㄩˋ	不具	-5.16289928	sandhi
ㄅㄨˋ-ㄐㄩˋ	不懼	-6.17149945	sandhi
ㄅㄨˋ-ㄑㄧˋ	不氣	-6.69437819	sandhi
ㄅㄨˋ-ㄑㄧㄝˋ	不切	-5.41562459	sandhi
ㄅㄨˋ-ㄑㄧㄝˋ-ㄊㄧˊ	不切題	-7.04116568	sandhi
ㄅㄨˋ-ㄑㄧㄢˊ-ㄅㄨˋ-ㄏㄡˋ	不前不後	-6.60980192	sandhi
ㄅㄨˋ-ㄑㄧㄤˊ-ㄅㄨˋ-ㄖㄨㄛˋ	不強不弱	-6.60980192	sandhi
ㄅㄨˋ-ㄑㄧㄥ-ㄅㄨˋ-ㄓㄨㄥˋ	不輕不重	-6.30877192	sandhi
ㄅㄨˋ-ㄑㄧㄥˊ-ㄅㄨˋ-ㄩㄢˋ	不情不願	-6.00774193	sandhi
ㄅㄨˋ-ㄒㄧㄚˋ-ㄌㄞˊ	不下來	-5.35992444	sandhi
ㄅㄨˋ-ㄒㄧㄚˋ-ㄑㄩˋ	不下去	-4.70671193	sandhi
ㄅㄨˋ-ㄒㄧㄚˋ-ㄩˊ	不下於	-5.56404443	sandhi
ㄅㄨˋ-ㄒㄧㄝˋ	不屑	-5.43910569	sandhi
ㄅㄨˋ-ㄒㄧㄝˋ	不懈	-5.58043484	sandhi
ㄅㄨˋ-ㄒㄧㄝˋ-ㄧ-ㄍㄨˋ	不屑一顧	-5.40568193	sandhi
ㄅㄨˋ-ㄒㄧㄝˋ-ㄩˊ	不屑於	-6.13807569	sandhi
ㄅㄨˋ-ㄒㄧㄠˋ	不孝	-5.80977161	sandhi
ㄅㄨˋ-ㄒㄧㄠˋ	不肖	-5.21245806	sandhi
ㄅㄨˋ-ㄒㄧㄠˋ-ㄗˇ	不孝子	-7.04116568	sandhi
ㄅㄨˋ-ㄒㄧㄠˋ-ㄗˇ	不肖子	-6.13807569	sandhi
ㄅㄨˋ-ㄒㄧㄠˋ-ㄗˇ-ㄙㄨㄣ	不肖子孫	-6.30877192	sandhi
ㄅㄨˋ-ㄒㄧㄠˋ-ㄧㄡˇ-ㄙㄢ	不孝有三	-6.00774193	sandhi
ㄅㄨˋ-ㄒㄧㄡˋ-ㄍㄤ	不鏽鋼	-5.23498571	sandhi
ㄅㄨˋ-ㄒㄧㄡˋ-ㄍㄤ-ㄅㄢˇ	不鏽鋼板	-6.60980192	sandhi
ㄅㄨˋ-ㄒㄧㄡˋ-ㄍㄤ-ㄉㄧㄥ	不鏽鋼釘	-6.30877192	sandhi
ㄅㄨˋ-ㄒㄧㄢˋ	不限	-5.18027337	sandhi
ㄅㄨˋ-ㄒㄧㄢˋ-ㄩˊ	不限於	-5.34219568	sandhi
ㄅㄨˋ-ㄒㄧㄣ-ㄅㄨˋ-ㄐㄧㄡˋ	不新不舊	-6.60980192	sandhi
ㄅㄨˋ-ㄒㄧㄣˋ	不信	-5.10331359	sandhi
ㄅㄨˋ-ㄒㄧㄣˋ-ㄒㄧㄝˊ	不信邪	-5.96198443	sandhi
ㄅㄨˋ-ㄒㄧㄣˋ-ㄖㄣˋ	不信任	-5.08692317	sandhi
ㄅㄨˋ-ㄒㄧㄣˋ-ㄖㄣˋ-ㄊㄡˊ-ㄆㄧㄠˋ	不信任投票	-5.87740816	sandhi
ㄅㄨˋ-ㄒㄧㄤˋ	不像	-4.67734486	sandhi
ㄅㄨˋ-ㄒㄧㄤˋ	不向	-6.21725694	sandhi
ㄅㄨˋ-ㄒㄧㄤˋ-ㄏㄨㄚˋ	不像話	-5.50968676	sandhi
ㄅㄨˋ-ㄒㄧㄤˋ-ㄧㄤˋ	不像樣	-6.74013569	sandhi
ㄅㄨˋ-ㄒㄧㄥˋ	不幸	-4.39479827	sandhi
ㄅㄨˋ-ㄒㄧㄥˋ-ㄓㄨㄥ-ㄉㄜ˙-ㄉㄚˋ-ㄒㄧㄥˋ	不幸中的大幸	-4.84398440	sandhi
ㄅㄨˋ-ㄒㄩㄝˋ-ㄧˊ-ㄕˋ	不屑一世	-6.60980192	sandhi
ㄅㄨˋ-ㄒㄩㄣˋ	不遜	-5.66634947	sandhi
ㄅㄨˋ-ㄒㄩㄣˋ-ㄩˊ	不遜於	-5.89503765	sandhi
ㄅㄨˋ-ㄓ-ㄓㄜˇ-ㄅㄨˋ-ㄗㄨㄟˋ	不知者不罪	-6.17843815	sandhi
ㄅㄨˋ-ㄓˋ	不智	-6.26840946	sandhi
ㄅㄨˋ-ㄓˋ	不治	-5.50874162	sandhi
ㄅㄨˋ-ㄓˋ	不置	-6.17149945	sandhi
ㄅㄨˋ-ㄓˋ	不致	-4.68577802	sandhi
ㄅㄨˋ-ㄓˋ-ㄅㄨˋ-ㄑㄧㄡˊ	不忮不求	-5.83165067	sandhi
ㄅㄨˋ-ㄓˋ-ㄓ-ㄐㄩˇ	不智之舉	-6.30877192	sandhi
ㄅㄨˋ-ㄓˋ-ㄓ-ㄓㄥˋ	不治之症	-5.70671193	sandhi
ㄅㄨˋ-ㄓˋ-ㄦˊ-ㄙˇ	不治而死	-6.60980192	sandhi
ㄅㄨˋ-ㄓˋ-ㄩˊ	不至於	-4.81585640	sandhi
ㄅㄨˋ-ㄓˋ-ㄩˊ	不致於	-4.67194982	sandhi
ㄅㄨˋ-ㄓㄢˋ	不佔	-6.32640141	sandhi
ㄅㄨˋ-ㄓㄢˋ	不戰	-6.32640141	sandhi
ㄅㄨˋ-ㄓㄢˋ-ㄦˊ-ㄅㄞˋ	不戰而敗	-6.60980192	sandhi
ㄅㄨˋ-ㄓㄢˋ-ㄦˊ-ㄊㄨㄟˋ	不戰而退	-6.60980192	sandhi
ㄅㄨˋ-ㄓㄣˋ	不振	-5.30226773	sandhi
ㄅㄨˋ-ㄓㄥˋ	不正	-4.88369772	sandhi
ㄅㄨˋ-ㄓㄥˋ-ㄉㄤ	不正當	-5.46138208	sandhi
ㄅㄨˋ-ㄓㄥˋ-ㄓ-ㄈㄥ	不正之風	-6.60980192	sandhi
ㄅㄨˋ-ㄓㄥˋ-ㄔㄤˊ	不正常	-5.05889445	sandhi
ㄅㄨˋ-ㄓㄨˋ	不住	-4.39118214	sandhi
ㄅㄨˋ-ㄓㄨㄟˋ	不墜	-6.69437819	sandhi
ㄅㄨˋ-ㄓㄨㄥˋ	不中	-5.74013569	sandhi
ㄅㄨˋ-ㄓㄨㄥˋ-ㄧˋ	不中意	-7.04116568	sandhi
ㄅㄨˋ-ㄔˋ	不啻	-5.77355944	sandhi
ㄅㄨˋ-ㄔㄠˇ-ㄅㄨˋ-ㄋㄠˋ	不吵不鬧	-6.60980192	sandhi
ㄅㄨˋ-ㄔㄡˋ	不臭	-6.47252944	sandhi
ㄅㄨˋ-ㄕˋ	不是	-3.20357724	sandhi
ㄅㄨˋ-ㄕˋ	不適	-4.58943609	sandhi
ㄅㄨˋ-ㄕˋ-ㄉㄚˋ-ㄊㄧˇ	不識大體	-6.60980192	sandhi
ㄅㄨˋ-ㄕˋ-ㄊㄞˋ-ㄕㄢ	不識泰山	-6.00774193	sandhi
ㄅㄨˋ-ㄕˋ-ㄏㄜˊ	不適合	-4.56694942	sandhi
ㄅㄨˋ-ㄕˋ-ㄏㄨㄛˋ	不識貨	-7.04116568	sandhi
ㄅㄨˋ-ㄕˋ-ㄒㄧㄤˋ	不識相	-6.26301443	sandhi
ㄅㄨˋ-ㄕˋ-ㄓ-ㄔㄨˋ	不是之處	-6.60980192	sandhi
ㄅㄨˋ-ㄕˋ-ㄓ-ㄘㄞˊ	不世之材	-6.60980192	sandhi
ㄅㄨˋ-ㄕˋ-ㄔㄨ	不世出	-6.43910569	sandhi
ㄅㄨˋ-ㄕˋ-ㄕㄥ-ㄔㄢˇ	不事生產	-5.83165067	sandhi
ㄅㄨˋ-ㄕˋ-ㄧˋ-ㄉㄧㄥ	不識一丁	-6.60980192	sandhi
ㄅㄨˋ-ㄕㄡˋ	不受	-4.76666573	sandhi
ㄅㄨˋ-ㄕㄡˋ-ㄏㄨㄢ-ㄧㄥˊ	不受歡迎	-5.05349942	sandhi
ㄅㄨˋ-ㄕㄢˋ	不善	-5.35195551	sandhi
ㄅㄨˋ-ㄕㄢˋ	不擅	-6.02537141	sandhi
ㄅㄨˋ-ㄕㄢˋ-ㄩˊ	不善於	-6.13807569	sandhi
ㄅㄨˋ-ㄕㄣˋ	不慎	-5.22701678	sandhi
ㄅㄨˋ-ㄕㄣˋ	不甚	-5.56943946	sandhi
ㄅㄨˋ-ㄕㄤˋ	不上	-4.55136339	sandhi
ㄅㄨˋ-ㄕㄤˋ-ㄉㄠˋ	不上道	-6.04116568	sandhi
ㄅㄨˋ-ㄕㄤˋ-ㄌㄞˊ	不上來	-5.59400765	sandhi
ㄅㄨˋ-ㄕㄤˋ-ㄑㄩˋ	不上去	-5.59400765	sandhi
ㄅㄨˋ-ㄕㄥ-ㄅㄨˋ-ㄇㄧㄝˋ	不生不滅	-6.60980192	sandhi
ㄅㄨˋ-ㄕㄥ-ㄒㄧ-ㄒㄩ	不勝唏噓	-5.53062067	sandhi
ㄅㄨˋ-ㄕㄥˋ-ㄒㄧ-ㄒㄩ	不勝唏噓	-5.53062067	sandhi
ㄅㄨˋ-ㄖˋ	不日	-6.32640141	sandhi
ㄅㄨˋ-ㄖㄣˋ	不認	-4.68862587	sandhi
ㄅㄨˋ-ㄖㄣˋ-ㄓㄤˋ	不認帳	-6.04116568	sandhi
ㄅㄨˋ-ㄖㄤˋ	不讓	-4.90198650	sandhi
ㄅㄨˋ-ㄖㄤˋ-ㄒㄩ-ㄇㄟˊ	不讓鬚眉	-5.83165067	sandhi
ㄅㄨˋ-ㄖㄤˋ-ㄖㄣˊ	不讓人	-5.59400765	sandhi
ㄅㄨˋ-ㄖㄨˋ	不入	-5.48130337	sandhi
ㄅㄨˋ-ㄖㄨˋ-ㄌㄧㄡˊ	不入流	-6.43910569	sandhi
ㄅㄨˋ-ㄖㄨㄛˋ	不弱	-6.69437819	sandhi
ㄅㄨˋ-ㄖㄨㄛˋ	不若	-5.72434142	sandhi
ㄅㄨˋ-ㄗˋ	不自	-4.84108568	sandhi
ㄅㄨˋ-ㄗˋ-ㄌㄧㄤˋ-ㄌㄧˋ	不自量力	-5.60980192	sandhi
ㄅㄨˋ-ㄗˋ-ㄐㄧㄣ	不自禁	-5.35992444	sandhi
ㄅㄨˋ-ㄗˋ-ㄐㄧㄣˋ	不自禁	-5.35992444	sandhi
ㄅㄨˋ-ㄗˋ-ㄐㄩㄝˊ	不自覺	-4.83165067	sandhi
ㄅㄨˋ-ㄗˋ-ㄓㄨˇ	不自主	-5.59400765	sandhi
ㄅㄨˋ-ㄗˋ-ㄗㄞˋ	不自在	-5.74013569	sandhi
ㄅㄨˋ-ㄗˋ-ㄧㄡˊ	不自由	-5.69874300	sandhi
ㄅㄨˋ-ㄗㄞˋ	不再	-4.00803990	sandhi
ㄅㄨˋ-ㄗㄞˋ	不在	-4.35129799	sandhi
ㄅㄨˋ-ㄗㄞˋ-ㄌㄜ˙	不在了	-5.66095444	sandhi
ㄅㄨˋ-ㄗㄞˋ-ㄏㄨ	不在乎	-5.09668301	sandhi
ㄅㄨˋ-ㄗㄞˋ-ㄐㄧㄚ	不在家	-5.69874300	sandhi
ㄅㄨˋ-ㄗㄞˋ-ㄑㄧˊ-ㄨㄟˋ	不在其位	-5.70671193	sandhi
ㄅㄨˋ-ㄗㄞˋ-ㄒㄩ-ㄧㄠˋ	不再需要	-4.86161389	sandhi
ㄅㄨˋ-ㄗㄞˋ-ㄔㄤˇ	不在場	-4.99977300	sandhi
ㄅㄨˋ-ㄗㄞˋ-ㄔㄨ-ㄅㄢˇ	不再出版	-6.00774193	sandhi
ㄅㄨˋ-ㄗㄞˋ-ㄕˋ	不再是	-4.87681282	sandhi
ㄅㄨˋ-ㄗㄞˋ-ㄕㄠˇ-ㄕㄨˋ	不在少數	-5.00774193	sandhi
ㄅㄨˋ-ㄗㄞˋ-ㄘˇ-ㄒㄧㄢˋ	不在此限	-5.30877192	sandhi
ㄅㄨˋ-ㄗㄨㄛˇ-ㄅㄨˊ-ㄧㄡˋ	不左不右	-6.30877192	sandhi
ㄅㄨˋ-ㄗㄨㄛˋ	不做	-4.98965586	sandhi
ㄅㄨˋ-ㄗㄨㄛˋ-ㄕㄥ	不做聲	-6.74013569	sandhi
ㄅㄨˋ-ㄘㄜˋ	不測	-5.82907677	sandhi
ㄅㄨˋ-ㄘㄨㄛˋ	不錯	-3.95533355	sandhi
ㄅㄨˋ-ㄘㄨㄛˋ-ㄉㄜ˙	不錯的	-4.32851598	sandhi
ㄅㄨˋ-ㄙˋ	不似	-6.39334820	sandhi
ㄅㄨˋ-ㄙㄜˋ	不澀	-6.56943946	sandhi
ㄅㄨˋ-ㄙㄜˋ-ㄅㄨˋ-ㄎㄨˇ	不澀不苦	-6.60980192	sandhi
ㄅㄨˋ-ㄙㄢˋ	不散	-6.13010676	sandhi
ㄅㄨˋ-ㄙㄨㄟˋ	不遂	-6.21725694	sandhi
ㄅㄨˋ-ㄙㄨㄢ-ㄅㄨˋ-ㄌㄚˋ	不酸不辣	-6.60980192	sandhi
ㄅㄨˋ-ㄙㄨㄢˋ	不算	-4.80601146	sandhi
ㄅㄨˋ-ㄙㄨㄢˋ-ㄕㄜˊ-ㄇㄛ˙	不算什麼	-6.00774193	sandhi
ㄅㄨˋ-ㄙㄨㄢˋ-ㄕㄜˊ-ㄇㄜ˙	不算什麼	-6.00774193	sandhi
ㄅㄨˋ-ㄙㄨㄢˋ-ㄕㄣˊ-ㄇㄛ˙	不算什麼	-6.00774193	sandhi
ㄅㄨˋ-ㄙㄨㄢˋ-ㄕㄣˊ-ㄇㄜ˙	不算什麼	-6.00774193	sandhi
ㄅㄨˋ-ㄙㄨㄢˋ-ㄕㄨˋ	不算數	-5.89503765	sandhi
ㄅㄨˋ-ㄙㄨㄥˋ	不送	-6.21725694	sandhi
ㄅㄨˋ-ㄜˋ	不惡	-6.56943946	sandhi
ㄅㄨˋ-ㄜˋ	不餓	-6.56943946	sandhi
ㄅㄨˋ-ㄞˋ	不礙	-6.21725694	sandhi
ㄅㄨˋ-ㄢˋ-ㄆㄞˊ-ㄌㄧˇ	不按牌理	-6.00774193	sandhi
ㄅㄨˋ-ㄢˋ-ㄆㄞˊ-ㄌㄧˇ-ㄔㄨ-ㄆㄞˊ	不按牌理出牌	-5.14501440	sandhi
ㄅㄨˋ-ㄦˋ	不二	-5.58043484	sandhi
ㄅㄨˋ-ㄦˋ	不貳	-6.69437819	sandhi
ㄅㄨˋ-ㄦˋ-ㄍㄨㄛˋ	不貳過	-6.26301443	sandhi
ㄅㄨˋ-ㄦˋ-ㄐㄧㄚˋ	不二價	-5.96198443	sandhi
ㄅㄨˋ-ㄧˊ-ㄅㄨˋ-ㄏㄨㄟˋ	不夷不惠	-6.60980192	sandhi
ㄅㄨˋ-ㄧˋ	不亦	-5.59171585	sandhi
ㄅㄨˋ-ㄧˋ	不易	-4.46820807	sandhi
ㄅㄨˋ-ㄧˋ	不義	-5.52804677	sandhi
ㄅㄨˋ-ㄧˋ-ㄏㄨㄟˇ	不一會	-5.46138208	sandhi
ㄅㄨˋ-ㄧˋ-ㄏㄨㄟˇ-ㄦ	不一會兒	-5.13268066	sandhi
ㄅㄨˋ-ㄧˋ-ㄏㄨㄟˇ-ㄦˊ	不一會兒	-5.13268066	sandhi
ㄅㄨˋ-ㄧˋ-ㄓ-ㄘㄞˊ	不義之財	-6.30877192	sandhi
ㄅㄨˋ-ㄧˋ-ㄦˊ-ㄗㄨˊ	不一而足	-5.26737924	sandhi
ㄅㄨˋ-ㄧㄝˋ-ㄔㄥˊ	不夜城	-5.62619233	sandhi
ㄅㄨˋ-ㄧㄠˋ	不要	-3.48468449	sandhi
ㄅㄨˋ-ㄧㄠˋ-ㄌㄧㄢˇ	不要臉	-5.62619233	sandhi
ㄅㄨˋ-ㄧㄠˋ-ㄐㄧㄣˇ	不要緊	-5.48486318	sandhi
ㄅㄨˋ-ㄧㄠˋ-ㄑㄧㄢˊ	不要錢	-5.83704570	sandhi
ㄅㄨˋ-ㄧㄠˋ-ㄗㄞˋ	不要再	-4.60659678	sandhi
ㄅㄨˋ-ㄧㄠˋ-ㄗㄞˋ	不要在	-5.10666723	sandhi
ㄅㄨˋ-ㄧㄠˋ-ㄦˊ-ㄩˋ	不藥而癒	-5.53062067	sandhi
ㄅㄨˋ-ㄧㄥˋ	不應	-4.55032317	sandhi
ㄅㄨˋ-ㄨˋ-ㄓㄥˋ-ㄧㄝˋ	不務正業	-5.30877192	sandhi
ㄅㄨˋ-ㄨㄞˋ	不外	-5.11459460	sandhi
ㄅㄨˋ-ㄨㄞˋ-ㄏㄨ	不外乎	-4.94774400	sandhi
ㄅㄨˋ-ㄨㄞˋ-ㄐㄧㄝˋ	不外借	-7.04116568	sandhi
ㄅㄨˋ-ㄨㄞˋ-ㄕˋ	不外是	-6.26301443	sandhi
ㄅㄨˋ-ㄨㄟˋ	不為	-5.01921110	sandhi
ㄅㄨˋ-ㄨㄟˋ	不畏	-5.41562459	sandhi
ㄅㄨˋ-ㄨㄟˋ	不謂	-6.56943946	sandhi
ㄅㄨˋ-ㄨㄟˋ-ㄐㄧㄢ-ㄋㄢˊ	不畏艱難	-6.30877192	sandhi
ㄅㄨˋ-ㄨㄟˋ-ㄐㄧㄢ-ㄒㄧㄢˇ	不畏艱險	-6.00774193	sandhi
ㄅㄨˋ-ㄨㄟˋ-ㄑㄧㄤˊ-ㄉㄧˊ	不畏強敵	-6.60980192	sandhi
ㄅㄨˋ-ㄨㄟˋ-ㄑㄧㄤˊ-ㄑㄩㄢˊ	不畏強權	-6.30877192	sandhi
ㄅㄨˋ-ㄨㄣˊ-ㄅㄨˋ-ㄨㄣˋ	不聞不問	-5.07832300	sandhi
ㄅㄨˋ-ㄨㄣˋ	不問	-5.48130337	sandhi
ㄅㄨˋ-ㄨㄣˋ-ㄑㄧㄢˊ-ㄧㄣ-ㄏㄡˋ-ㄍㄨㄛˇ	不問前因後果	-5.74707439	sandhi
ㄅㄨˋ-ㄨㄣˋ-ㄑㄧㄥ-ㄏㄨㄥˊ-ㄗㄠˋ-ㄅㄞˊ	不問青紅皂白	-5.74707439	sandhi
ㄅㄨˋ-ㄨㄣˋ-ㄕˋ-ㄈㄟ-ㄑㄩ-ㄓˊ	不問是非曲直	-5.74707439	sandhi
ㄅㄨˋ-ㄨㄤˋ	不忘	-4.99540819	sandhi
ㄅㄨˋ-ㄨㄤˋ-ㄅㄣˇ	不忘本	-6.43910569	sandhi
ㄅㄨˋ-ㄩˋ	不欲	-5.99540819	sandhi
ㄅㄨˋ-ㄩㄝˋ	不悅	-5.77355944	sandhi
ㄅㄨˋ-ㄩㄢˋ	不願	-4.50779852	sandhi
ㄅㄨˋ-ㄩㄢˋ-ㄧˋ	不願意	-4.29922660	sandhi
ㄅㄨˋ-ㄩㄣˋ	不孕	-5.28500872	sandhi
ㄅㄨˋ-ㄩㄣˋ-ㄅㄨˋ-ㄏㄨㄛˇ	不慍不火	-6.30877192	sandhi
ㄅㄨˋ-ㄩㄣˋ-ㄓㄥˋ	不孕症	-5.27773769	sandhi
ㄅㄨˋ-ㄩㄥˋ-ㄉㄜ˙	不用的	-5.69874300	sandhi
ㄅㄨˋ-ㄩㄥˋ-ㄑㄧㄢˊ	不用錢	-5.48486318	sandhi
ㄅㄨˋ-ㄩㄥˋ-ㄕㄨㄛ	不用說	-4.93395571	sandhi
ㄆㄚ-ㄓㄜ˙-ㄅㄨˋ-ㄉㄨㄥˋ	趴著不動	-6.60980192	sandhi
ㄆㄚˊ-ㄅㄨˋ-ㄉㄨㄥˋ	爬不動	-6.74013569	sandhi
ㄆㄚˋ-ㄅㄨˋ-ㄆㄚˋ	怕不怕	-6.13807569	sandhi
ㄆㄟˊ-ㄅㄨˋ-ㄕˋ	賠不是	-6.04116568	sandhi
ㄆㄟˊ-ㄅㄨˋ-ㄕˋ	陪不是	-7.04116568	sandhi
ㄆㄟˋ-ㄅㄨˋ-ㄕㄤˋ	配不上	-6.74013569	sandhi
ㄆㄟˋ-ㄗㄞˋ-ㄧ-ㄑㄧˇ	配在一起	-6.60980192	sandhi
ㄆㄠˇ-ㄅㄨˋ-ㄉㄧㄠˋ	跑不掉	-5.50968676	sandhi
ㄆㄠˇ-ㄅㄨˋ-ㄉㄨㄥˋ	跑不動	-5.69874300	sandhi
ㄆㄢ-ㄅㄨˋ-ㄕㄤˋ	攀不上	-7.04116568	sandhi
ㄆㄧㄝ-ㄧ-ㄧㄢˇ	瞥一眼	-7.04116568	sandhi
ㄆㄧㄠ-ㄌㄧㄡˊ-ㄅㄨˋ-ㄉㄧㄥˋ	漂流不定	-6.60980192	sandhi
ㄆㄧㄠ-ㄏㄨ-ㄅㄨˋ-ㄉㄧㄥˋ	飄忽不定	-6.30877192	sandhi
ㄆㄧㄠˇ-ㄧ-ㄧㄢˇ	瞟一眼	-7.04116568	sandhi
ㄆㄧㄠˋ-ㄅㄨˋ-ㄆㄧㄠˋ-ㄌㄧㄤˋ	漂不漂亮	-6.00774193	sandhi
ㄆㄧㄢ-ㄅㄨˋ-ㄘㄡˋ-ㄑㄧㄠˇ	偏不湊巧	-6.60980192	sandhi
ㄆㄧㄢ-ㄔㄨˇ-ㄧ-ㄩˊ	偏處一隅	-6.60980192	sandhi
ㄆㄧㄥˊ-ㄐㄧㄤ-ㄅㄨˋ-ㄒㄧㄠˋ-ㄕㄥ	平江不肖生	-6.17843815	sandhi
ㄆㄨ-ㄊㄨㄥ-ㄧˋ-ㄕㄥ	撲通一聲	-5.83165067	sandhi
ㄇㄛ-ㄅㄨˋ-ㄊㄡˋ	摸不透	-6.43910569	sandhi
ㄇㄛˊ-ㄍㄠ-ㄧ-ㄓㄤˋ	魔高一丈	-5.53062067	sandhi
ㄇㄛˋ-ㄅㄨˋ-ㄕˋ	莫不是	-6.04116568	sandhi
ㄇㄛˋ-ㄔˇ-ㄅㄨˋ-ㄨㄤˋ	沒齒不忘	-6.60980192	sandhi
ㄇㄛˋ-ㄕˋ-ㄅㄨˋ-ㄨㄤˋ	歿世不忘	-6.60980192	sandhi
ㄇㄞˇ-ㄅㄨˋ-ㄉㄠˋ	買不到	-5.08692317	sandhi
ㄇㄞˇ-ㄧˊ-ㄙㄨㄥˋ-ㄧ	買一送一	-5.00774193	sandhi
ㄇㄞˋ-ㄅㄨˋ-ㄉㄧㄠˋ	賣不掉	-6.04116568	sandhi
ㄇㄟˇ-ㄈㄚˇ	美法	-6.26840946	sandhi
ㄇㄡˊ-ㄕㄥ-ㄅㄨˋ-ㄧˋ	謀生不易	-6.30877192	sandhi
ㄇㄢˇ-ㄅㄨˋ-ㄕˋ	滿不是	-6.74013569	sandhi
ㄇㄢˇ-ㄅㄨˋ-ㄗㄞˋ-ㄧˋ	滿不在意	-6.00774193	sandhi
ㄇㄢˊ-ㄅㄨˋ-ㄓㄨˋ	瞞不住	-6.74013569	sandhi
ㄇㄧㄠˊ-ㄦˊ-ㄅㄨˊ-ㄙㄨㄟˋ	苗而不穗	-6.60980192	sandhi
ㄇㄧㄢˊ-ㄧㄢˊ-ㄅㄨˋ-ㄐㄧㄣˋ	綿延不盡	-6.60980192	sandhi
ㄇㄧㄣˊ-ㄅㄨˋ-ㄨㄟˋ-ㄙˇ	民不畏死	-6.60980192	sandhi
ㄇㄧㄥˊ-ㄖㄣˊ-ㄅㄨˋ-ㄗㄨㄛˋ-ㄢˋ-ㄕˋ	明人不做暗事	-5.74707439	sandhi
ㄇㄧㄥˊ-ㄢˋ-ㄅㄨˋ-ㄉㄧㄥˋ	明暗不定	-6.60980192	sandhi
ㄇㄨˋ-ㄅㄨˊ-ㄓㄢˋ-ㄕㄨㄣˋ	目不暫瞬	-6.60980192	sandhi
ㄈㄚˇ-ㄍㄨㄛˊ	法國	-4.15572069	sandhi
ㄈㄚˇ-ㄍㄨㄛˊ-ㄇㄧㄢˋ-ㄅㄠ	法國麵包	-5.83165067	sandhi
ㄈㄚˇ-ㄍㄨㄛˊ-ㄉㄚˋ-ㄍㄜˊ-ㄇㄧㄥˋ	法國大革命	-4.97431817	sandhi
ㄈㄚˇ-ㄍㄨㄛˊ-ㄍㄜˊ-ㄇㄧㄥˋ	法國革命	-6.30877192	sandhi
ㄈㄚˇ-ㄍㄨㄛˊ-ㄏㄨㄚˋ	法國話	-6.74013569	sandhi
ㄈㄚˇ-ㄍㄨㄛˊ-ㄐㄧˊ	法國籍	-7.04116568	sandhi
ㄈㄚˇ-ㄍㄨㄛˊ-ㄕˇ	法國史	-6.43910569	sandhi
ㄈㄚˇ-ㄍㄨㄛˊ-ㄖㄣˊ	法國人	-4.93395571	sandhi
ㄈㄚˇ-ㄍㄨㄛˊ-ㄘㄞˋ	法國菜	-6.74013569	sandhi
ㄈㄚˇ-ㄍㄨㄛˊ-ㄘㄢ	法國餐	-6.74013569	sandhi
ㄈㄚˇ-ㄕㄨˇ-ㄍㄨㄟ-ㄧㄚˇ-ㄋㄚˋ	法屬圭亞那	-5.57637816	sandhi
ㄈㄚˇ-ㄨㄣˊ	法文	-5.31416695	sandhi
ㄈㄚˇ-ㄨㄣˊ-ㄒㄧˋ	法文系	-5.83704570	sandhi
ㄈㄚˇ-ㄩˇ	法語	-5.79128821	sandhi
ㄈㄚˇ-ㄩˇ-ㄑㄩ	法語區	-6.74013569	sandhi
ㄈㄚˇ-ㄩˇ-ㄒㄧˋ	法語系	-7.04116568	sandhi
ㄈㄟ-ㄅㄨˋ-ㄕㄤˋ-ㄑㄩˋ	飛不上去	-6.30877192	sandhi
ㄈㄟ-ㄧˊ-ㄖˋ-ㄓ-ㄏㄢˊ	非一日之寒	-6.17843815	sandhi
ㄈㄡˇ-ㄉㄧㄥˋ-ㄧ-ㄑㄧㄝˋ	否定一切	-6.60980192	sandhi
ㄈㄢˋ-ㄅㄨˋ-ㄕㄤˋ	犯不上	-6.74013569	sandhi
ㄈㄣ-ㄧˋ-ㄅㄟ-ㄍㄥ	分一杯羹	-5.70671193	sandhi
ㄈㄣˋ-ㄓㄢˋ-ㄅㄨˋ-ㄒㄧㄝˋ	奮戰不懈	-6.00774193	sandhi
ㄈㄤˇ-ㄈㄚˇ	訪法	-7.17149945	sandhi
ㄈㄤˇ-ㄈㄚˇ-ㄓ-ㄌㄩˇ	訪法之旅	-6.60980192	sandhi
ㄈㄤˊ-ㄅㄨˋ-ㄕㄥˋ-ㄈㄤˊ	防不勝防	-5.16264389	sandhi
ㄈㄤˋ-ㄅㄨˋ-ㄒㄧㄚˋ	放不下	-5.41791639	sandhi
ㄈㄤˋ-ㄊㄚ-ㄧˋ-ㄇㄚˇ	放他一馬	-6.00774193	sandhi
ㄈㄤˋ-ㄒㄧㄣ-ㄅㄨˋ-ㄒㄧㄚˋ	放心不下	-5.40568193	sandhi
ㄈㄤˋ-ㄓˋ-ㄅㄨˋ-ㄩㄥˋ	放置不用	-6.60980192	sandhi
ㄈㄤˋ-ㄓㄜ˙-ㄅㄨˋ-ㄩㄥˋ	放著不用	-6.60980192	sandhi
ㄈㄤˋ-ㄕㄡˇ-ㄧˋ-ㄅㄛˊ	放手一搏	-5.70671193	sandhi
ㄈㄥ-ㄩˇ-ㄅㄨˋ-ㄊㄡˋ	風雨不透	-6.60980192	sandhi
ㄈㄨˊ-ㄔㄣˊ-ㄅㄨˋ-ㄉㄧㄥˋ	浮沉不定	-6.60980192	sandhi
ㄈㄨˋ-ㄐㄧㄚˇ-ㄧˋ-ㄈㄤ	富甲一方	-5.83165067	sandhi
ㄉㄚˋ-ㄅㄧˇ-ㄧˋ-ㄏㄨㄟ	大筆一揮	-6.30877192	sandhi
ㄉㄚˋ-ㄅㄨˋ-ㄐㄧㄥˋ	大不敬	-5.96198443	sandhi
ㄉㄚˋ-ㄋㄠˋ-ㄧˋ-ㄔㄤˇ	大鬧一場	-6.60980192	sandhi
ㄉㄚˋ-ㄍㄢˋ-ㄧ-ㄔㄤˇ	大幹一場	-6.30877192	sandhi
ㄉㄚˋ-ㄎㄜˇ-ㄅㄨˋ-ㄅㄧˋ	大可不必	-5.16264389	sandhi
ㄉㄚˋ-ㄐㄧㄥ-ㄧˋ-ㄔㄤˇ	大驚一場	-6.60980192	sandhi
ㄉㄚˋ-ㄒㄧㄠˋ-ㄧˋ-ㄔㄤˇ	大笑一場	-6.60980192	sandhi
ㄉㄚˋ-ㄕㄨ-ㄧˋ-ㄔㄤˇ	大輸一場	-6.60980192	sandhi
ㄉㄜˊ-ㄅㄨˋ-ㄉㄠˋ	得不到	-5.04116568	sandhi
ㄉㄜˊ-ㄌㄞˊ-ㄅㄨˋ-ㄧˋ	得來不易	-5.35452941	sandhi
ㄉㄞ-ㄅㄨˋ-ㄓㄨˋ	待不住	-6.74013569	sandhi
ㄉㄠˋ-ㄌㄚ-ㄧˋ-ㄅㄚˇ	倒拉一把	-6.60980192	sandhi
ㄉㄠˋ-ㄘˇ-ㄧˋ-ㄧㄡˊ	到此一遊	-5.40568193	sandhi
ㄉㄠˋ-ㄧㄝˇ-ㄅㄨˋ-ㄏㄨㄟˋ	倒也不會	-6.30877192	sandhi
ㄉㄠˋ-ㄧㄝˇ-ㄅㄨˋ-ㄕˋ	倒也不是	-6.00774193	sandhi
ㄉㄡ-ㄅㄨˋ-ㄉㄨㄟˋ	都不對	-5.89503765	sandhi
ㄉㄡ-ㄅㄨˋ-ㄏㄨㄟˋ	都不會	-4.49216242	sandhi
ㄉㄡ-ㄅㄨˋ-ㄕˋ	都不是	-4.59400765	sandhi
ㄉㄡ-ㄅㄨˋ-ㄗㄞˋ	都不在	-5.35992444	sandhi
ㄉㄤ-ㄉㄨㄢˋ-ㄅㄨˋ-ㄉㄨㄢˋ	當斷不斷	-6.60980192	sandhi
ㄉㄤ-ㄧˋ-ㄏㄨㄟˊ-ㄕˋ	當一回事	-5.60980192	sandhi
ㄉㄤˇ-ㄅㄨˋ-ㄓㄨˋ	擋不住	-5.32516234	sandhi
ㄉㄥ-ㄍㄠ-ㄧ-ㄏㄨ	登高一呼	-5.35452941	sandhi
ㄉㄥˇ-ㄧˋ-ㄏㄨㄟˇ	等一會	-5.96198443	sandhi
ㄉㄧ-ㄇㄧˊ-ㄅㄨˋ-ㄓㄣˋ	低迷不振	-5.83165067	sandhi
ㄉㄧ-ㄕㄨㄟˇ-ㄅㄨˋ-ㄌㄡˋ	滴水不漏	-5.60980192	sandhi
ㄉㄧˇ-ㄅㄨˋ-ㄓㄨˋ	抵不住	-6.13807569	sandhi
ㄉㄧˇ-ㄉㄤˇ-ㄅㄨˋ-ㄓㄨˋ	抵擋不住	-5.70671193	sandhi
ㄉㄧˊ-ㄅㄨˋ-ㄓㄨˋ	敵不住	-7.04116568	sandhi
ㄉㄧㄥˇ-ㄅㄨˋ-ㄓㄨˋ	頂不住	-7.04116568	sandhi
ㄉㄧㄥˋ-ㄩˊ-ㄧˋ-ㄗㄨㄣ	定於一尊	-5.83165067	sandhi
ㄉㄨˊ-ㄅㄚˋ-ㄧ-ㄈㄤ	獨霸一方	-6.60980192	sandhi
ㄉㄨˊ-ㄐㄩˋ-ㄧˋ-ㄍㄜˊ	獨具一格	-6.00774193	sandhi
ㄉㄨˊ-ㄕㄨˋ-ㄧ-ㄓˋ	獨樹一幟	-5.35452941	sandhi
ㄉㄨˊ-ㄧˋ-ㄨˊ-ㄦˋ	獨一無二	-4.47626301	sandhi
ㄉㄨㄛ-ㄒㄧㄥˊ-ㄅㄨˋ-ㄧˋ	多行不義	-6.60980192	sandhi
ㄉㄨㄛ-ㄧˋ-ㄉㄧㄢˇ	多一點	-4.66458872	sandhi
ㄉㄨㄟˋ-ㄅㄨˋ-ㄉㄨㄟˋ	對不對	-4.22959067	sandhi
ㄉㄨㄟˋ-ㄅㄨˋ-ㄓㄨˋ	對不住	-6.43910569	sandhi
ㄉㄨㄟˋ-ㄕˋ-ㄅㄨˋ-ㄉㄨㄟˋ-ㄖㄣˊ	對事不對人	-5.57637816	sandhi
ㄉㄨㄟˋ-ㄖㄣˊ-ㄅㄨˋ-ㄉㄨㄟˋ-ㄕˋ	對人不對事	-5.40028690	sandhi
ㄉㄨㄥ-ㄧˊ-ㄐㄩˋ-ㄒㄧ-ㄧˊ-ㄐㄩˋ	東一句西一句	-5.74707439	sandhi
ㄉㄨㄥˋ-ㄅㄨˋ-ㄉㄨㄥˋ	動不動	-5.03256551	sandhi
ㄉㄨㄥˋ-ㄧ-ㄉㄨㄥˋ	動一動	-5.96198443	sandhi
ㄊㄚ-ㄅㄨˋ-ㄏㄨㄟˋ	他不會	-5.17193396	sandhi
ㄊㄚ-ㄅㄨˋ-ㄏㄨㄟˋ	她不會	-5.74013569	sandhi
ㄊㄚ-ㄅㄨˋ-ㄕˋ	他不是	-4.87090397	sandhi
ㄊㄚ-ㄅㄨˋ-ㄕˋ	她不是	-5.46138208	sandhi
ㄊㄞˊ-ㄅㄨˋ-ㄉㄨㄥˋ	抬不動	-7.04116568	sandhi
ㄊㄞˋ-ㄅㄨˋ-ㄒㄧㄤˋ-ㄏㄨㄚˋ	太不像話	-6.00774193	sandhi
ㄊㄡˊ-ㄅㄨˋ-ㄉㄠˋ	投不到	-6.74013569	sandhi
ㄊㄡˊ-ㄌㄢˊ-ㄅㄨˋ-ㄓㄨㄥˋ	投籃不中	-6.60980192	sandhi
ㄊㄡˋ-ㄧ-ㄎㄡˇ-ㄑㄧˋ	透一口氣	-6.30877192	sandhi
ㄊㄢ-ㄉㄨㄛ-ㄐㄧㄠˊ-ㄅㄨˋ-ㄌㄢˋ	貪多嚼不爛	-6.17843815	sandhi
ㄊㄢ-ㄉㄨㄛ-ㄐㄩㄝˊ-ㄅㄨˋ-ㄌㄢˋ	貪多嚼不爛	-6.17843815	sandhi
ㄊㄢ-ㄕㄣ-ㄧˊ-ㄎㄢˋ	探身一看	-6.60980192	sandhi
ㄊㄢˊ-ㄅㄨˋ-ㄕㄤˋ	談不上	-5.05889445	sandhi
ㄊㄢˋ-ㄕㄣ-ㄧˊ-ㄎㄢˋ	探身一看	-6.60980192	sandhi
ㄊㄢˋ-ㄧˋ-ㄎㄡˇ-ㄑㄧˋ	歎一口氣	-6.60980192	sandhi
ㄊㄧˊ-ㄅㄨˋ-ㄉㄠˋ	提不到	-7.04116568	sandhi
ㄊㄧㄠ-ㄅㄨˋ-ㄉㄨㄥˋ	挑不動	-7.04116568	sandhi
ㄊㄧㄢ-ㄅㄨˋ-ㄆㄚˋ	天不怕	-6.74013569	sandhi
ㄊㄧㄢ-ㄅㄨˋ-ㄆㄚˋ-ㄉㄧˋ-ㄅㄨˋ-ㄆㄚˋ	天不怕地不怕	-5.44604439	sandhi
ㄊㄧㄢ-ㄉㄧˋ-ㄧˋ-ㄕㄚ-ㄡ	天地一沙鷗	-5.87740816	sandhi
ㄊㄧㄢ-ㄧㄡˇ-ㄅㄨˋ-ㄘㄜˋ-ㄈㄥ-ㄩㄣˊ	天有不測風雲	-5.44604439	sandhi
ㄊㄧㄢ-ㄨㄞˋ-ㄈㄟ-ㄌㄞˊ-ㄧˋ-ㄅㄧˇ	天外飛來一筆	-5.44604439	sandhi
ㄊㄧㄢˊ-ㄅㄨˋ-ㄌㄚˋ	甜不辣	-5.96198443	sandhi
ㄊㄧㄢˊ-ㄦˊ-ㄅㄨˋ-ㄋㄧˋ	甜而不膩	-5.83165067	sandhi
ㄊㄧㄥˇ-ㄅㄨˋ-ㄓㄨˋ	挺不住	-7.04116568	sandhi
ㄊㄧㄥˇ-ㄅㄨˋ-ㄘㄨㄛˋ	挺不錯	-5.96198443	sandhi
ㄊㄧㄥˊ-ㄅㄨˋ-ㄒㄧㄚˋ	停不下	-5.96198443	sandhi
ㄊㄧㄥˊ-ㄅㄨˋ-ㄒㄧㄚˋ-ㄌㄞˊ	停不下來	-5.60980192	sandhi
ㄊㄧㄥˊ-ㄅㄨˋ-ㄓㄨˋ	停不住	-6.74013569	sandhi
ㄊㄨㄢˊ-ㄐㄧㄝˊ-ㄧ-ㄓˋ	團結一致	-5.35452941	sandhi
ㄊㄨㄥˊ-ㄒㄧㄣ-ㄧˊ-ㄌㄧˋ	同心一力	-6.60980192	sandhi
ㄊㄨㄥˊ-ㄧ-ㄍㄜ˙	同一個	-4.39574341	sandhi
ㄊㄨㄥˋ-ㄅㄨˋ-ㄊㄨㄥˋ	痛不痛	-6.43910569	sandhi
ㄊㄨㄥˋ-ㄅㄨˋ-ㄩˋ-ㄕㄥ	痛不欲生	-5.35452941	sandhi
ㄋㄚˊ-ㄅㄨˋ-ㄉㄠˋ	拿不到	-5.19606764	sandhi
ㄋㄚˊ-ㄅㄨˋ-ㄉㄧㄥˋ	拿不定	-6.74013569	sandhi
ㄋㄚˊ-ㄅㄨˋ-ㄓㄨˋ	拿不住	-6.74013569	sandhi
ㄋㄚˋ-ㄅㄨˋ-ㄌㄜˋ-ㄙ	那不勒斯	-6.00774193	sandhi
ㄋㄞˋ-ㄅㄨˋ-ㄓㄨˋ	耐不住	-5.89503765	sandhi
ㄋㄟˋ-ㄐㄩˇ-ㄅㄨˋ-ㄅㄧˋ-ㄑㄧㄣ	內舉不避親	-5.57637816	sandhi
ㄋㄢˊ-ㄅㄨˋ-ㄓㄨˋ	難不住	-7.04116568	sandhi
ㄋㄢˊ-ㄉㄜˊ-ㄧ-ㄐㄧㄢˋ	難得一見	-4.91083191	sandhi
ㄋㄢˊ-ㄊㄠˊ-ㄧ-ㄙˇ	難逃一死	-6.30877192	sandhi
ㄋㄥˊ-ㄌㄧㄤˋ-ㄅㄨˋ-ㄇㄧㄝˋ	能量不滅	-6.60980192	sandhi
ㄋㄥˊ-ㄌㄧㄤˋ-ㄅㄨˋ-ㄇㄧㄝˋ-ㄉㄧㄥˋ-ㄌㄩˋ	能量不滅定律	-5.74707439	sandhi
ㄋㄥˊ-ㄧㄣˇ-ㄧˋ-ㄅㄟ-ㄨˊ	能飲一杯無	-6.17843815	sandhi
ㄋㄧˋ-ㄗㄞˋ-ㄧˋ-ㄑㄧˇ	膩在一起	-6.30877192	sandhi
ㄋㄧㄝ-ㄌㄜ˙-ㄧˋ-ㄅㄚˇ-ㄌㄥˇ-ㄏㄢˋ	捏了一把冷汗	-4.96892314	sandhi
ㄋㄧㄝ-ㄧˋ-ㄅㄚˇ-ㄏㄢˋ	捏一把汗	-6.30877192	sandhi
ㄋㄧㄡˊ-ㄊㄡˊ-ㄅㄨˋ-ㄉㄨㄟˋ-ㄇㄚˇ-ㄗㄨㄟˇ	牛頭不對馬嘴	-4.74707439	sandhi
ㄋㄧㄢˋ-ㄈㄚˇ	唸法	-6.56943946	sandhi
ㄋㄧㄢˋ-ㄋㄧㄢˋ-ㄅㄨˋ-ㄨㄤˋ	念念不忘	-4.87740816	sandhi
ㄋㄨˇ-ㄌㄧˋ-ㄅㄨˋ-ㄒㄧㄝˋ	努力不懈	-5.70671193	sandhi
ㄋㄨㄛˊ-ㄅㄨˋ-ㄉㄨㄥˋ	挪不動	-6.74013569	sandhi
ㄋㄩㄝˋ-ㄦˊ-ㄅㄨˋ-ㄋㄩㄝˋ	謔而不虐	-6.30877192	sandhi
ㄌㄚ-ㄅㄨˋ-ㄉㄨㄥˋ	拉不動	-6.74013569	sandhi
ㄌㄞˊ-ㄓ-ㄅㄨˋ-ㄧˋ	來之不易	-5.70671193	sandhi
ㄌㄞˊ-ㄓㄜˇ-ㄅㄨˋ-ㄐㄩˋ	來者不拒	-5.40568193	sandhi
ㄌㄞˊ-ㄓㄜˇ-ㄅㄨˋ-ㄕㄢˋ	來者不善	-6.60980192	sandhi
ㄌㄞˊ-ㄓㄜ˙-ㄅㄨˋ-ㄐㄩˋ	來著不拒	-6.60980192	sandhi
ㄌㄠ-ㄧ-ㄆㄧㄠˋ	撈一票	-6.43910569	sandhi
ㄌㄠˇ-ㄇㄧㄥˋ-ㄧ-ㄊㄧㄠˊ	老命一條	-6.60980192	sandhi
ㄌㄠˇ-ㄧ-ㄅㄟˋ	老一輩	-4.93395571	sandhi
ㄌㄠˇ-ㄧ-ㄊㄠˋ	老一套	-7.04116568	sandhi
ㄌㄠˊ-ㄅㄨˊ-ㄆㄛˋ	牢不破	-7.04116568	sandhi
ㄌㄡˋ-ㄧˋ-ㄕㄡˇ	露一手	-6.26301443	sandhi
ㄌㄢˊ-ㄅㄨˋ-ㄓㄨˋ	攔不住	-6.74013569	sandhi
ㄌㄧˇ-ㄉㄨㄛ-ㄖㄣˊ-ㄅㄨˋ-ㄍㄨㄞˋ	禮多人不怪	-6.17843815	sandhi
ㄌㄧˇ-ㄨㄞˋ-ㄅㄨˋ-ㄕˋ-ㄖㄣˊ	裡外不是人	-6.17843815	sandhi
ㄌㄧˋ-ㄒㄩㄝˊ-ㄅㄨˋ-ㄐㄩㄢˋ	力學不倦	-6.60980192	sandhi
ㄌㄧˋ-ㄩˊ-ㄅㄨˋ-ㄅㄞˋ	立於不敗	-6.60980192	sandhi
ㄌㄧˋ-ㄩˊ-ㄅㄨˋ-ㄅㄞˋ-ㄓ-ㄉㄧˋ	立於不敗之地	-5.74707439	sandhi
ㄌㄧㄝˇ-ㄗㄨㄟˇ-ㄧ-ㄒㄧㄠˋ	咧嘴一笑	-6.60980192	sandhi
ㄌㄧㄠˊ-ㄅㄟˋ-ㄧ-ㄍㄜˊ	聊備一格	-5.46367388	sandhi
ㄌㄧㄠˋ-ㄒㄧㄤˇ-ㄅㄨˋ-ㄉㄠˋ	料想不到	-6.60980192	sandhi
ㄌㄧㄡˊ-ㄅㄨˋ-ㄓㄨˋ	留不住	-5.59400765	sandhi
ㄌㄧㄡˊ-ㄈㄚˇ	留法	-6.69437819	sandhi
ㄌㄧㄡˊ-ㄋㄧㄢˊ-ㄅㄨˋ-ㄌㄧˋ	流年不利	-5.83165067	sandhi
ㄌㄧㄡˊ-ㄧ-ㄕㄡˇ	留一手	-6.74013569	sandhi
ㄌㄧㄡˋ-ㄑㄧㄣ-ㄅㄨˋ-ㄖㄣˋ	六親不認	-5.70671193	sandhi
ㄌㄧㄢˊ-ㄅㄨˋ-ㄕㄤˋ	連不上	-5.30877192	sandhi
ㄌㄧㄢˊ-ㄇㄧㄢˊ-ㄅㄨˋ-ㄉㄨㄢˋ	連綿不斷	-6.30877192	sandhi
ㄌㄧㄢˊ-ㄐㄧㄝ-ㄅㄨˋ-ㄉㄨㄢˋ	連接不斷	-6.60980192	sandhi
ㄌㄧㄢˊ-ㄒㄩˋ-ㄅㄨˋ-ㄉㄨㄢˋ	連續不斷	-5.60980192	sandhi
ㄌㄧㄢˊ-ㄔㄥˊ-ㄧ-ㄗㄨˇ	聯成一組	-6.60980192	sandhi
ㄌㄧㄢˊ-ㄗㄞˋ-ㄧ-ㄑㄧˇ	連在一起	-5.10465194	sandhi
ㄌㄧㄣˊ-ㄇㄣˊ-ㄧˋ-ㄐㄧㄠˇ	臨門一腳	-6.00774193	sandhi
ㄌㄧㄣˊ-ㄨㄟˊ-ㄅㄨˋ-ㄌㄨㄢˋ	臨危不亂	-6.00774193	sandhi
ㄌㄧㄤˊ-ㄐㄧ-ㄅㄨˋ-ㄗㄞˋ	良機不再	-6.60980192	sandhi
ㄌㄧㄥˊ-ㄐㄧ-ㄧˊ-ㄉㄨㄥˋ	靈機一動	-4.94704408	sandhi
ㄌㄧㄥˊ-ㄩˋ-ㄧˊ-ㄓˋ	靈慾一致	-6.60980192	sandhi
ㄌㄧㄥˋ-ㄨㄞˋ-ㄧˋ-ㄏㄨㄟˊ-ㄕˋ	另外一回事	-4.53498548	sandhi
ㄌㄨㄛˋ-ㄉㄜˊ-ㄧˋ-ㄔㄤˇ-ㄎㄨㄥ	落得一場空	-6.17843815	sandhi
ㄌㄨㄢˋ-ㄔㄥˊ-ㄧ-ㄊㄨㄢˊ	亂成一團	-6.30877192	sandhi
ㄌㄩㄝˋ-ㄍㄠ-ㄧˋ-ㄔㄡˊ	略高一籌	-6.30877192	sandhi
ㄍㄜ-ㄅㄨˋ-ㄒㄧㄚˋ	擱不下	-7.04116568	sandhi
ㄍㄜ-ㄕㄜˇ-ㄅㄨˋ-ㄒㄧㄚˋ	割捨不下	-6.30877192	sandhi
ㄍㄠ-ㄅㄨˋ-ㄔㄥˊ-ㄉㄧ-ㄅㄨˋ-ㄐㄧㄡˋ	高不成低不就	-5.14501440	sandhi
ㄍㄠ-ㄆㄢ-ㄅㄨˋ-ㄕㄤˋ	高攀不上	-6.60980192	sandhi
ㄍㄠ-ㄍㄨㄟˋ-ㄅㄨˋ-ㄍㄨㄟˋ	高貴不貴	-5.83165067	sandhi
ㄍㄡˋ-ㄅㄨˋ-ㄍㄡˋ	夠不夠	-5.39771300	sandhi
ㄍㄢˇ-ㄅㄨˋ-ㄉㄠˋ	趕不到	-6.74013569	sandhi
ㄍㄢˇ-ㄅㄨˋ-ㄕㄤˋ	趕不上	-5.50968676	sandhi
ㄍㄢˇ-ㄣ-ㄅㄨˋ-ㄐㄧㄣˋ	感恩不盡	-6.30877192	sandhi
ㄍㄣ-ㄅㄨˋ-ㄕㄤˋ	跟不上	-5.37840785	sandhi
ㄍㄥˋ-ㄅㄨˋ-ㄏㄨㄟˋ	更不會	-5.69874300	sandhi
ㄍㄥˋ-ㄅㄨˋ-ㄕˋ	更不是	-5.53601570	sandhi
ㄍㄨ-ㄉㄨㄥ-ㄧ-ㄕㄥ	咕咚一聲	-6.60980192	sandhi
ㄍㄨ-ㄌㄨ-ㄧ-ㄕㄥ	咕嚕一聲	-6.30877192	sandhi
ㄍㄨˋ-ㄅㄨˋ-ㄉㄠˋ	顧不到	-5.96198443	sandhi
ㄍㄨㄚˋ-ㄅㄨˋ-ㄒㄧㄚˋ	掛不下	-6.74013569	sandhi
ㄍㄨㄚˋ-ㄅㄨˋ-ㄓㄨˋ	掛不住	-6.26301443	sandhi
ㄍㄨㄚˋ-ㄅㄨˋ-ㄕㄤˋ	掛不上	-6.74013569	sandhi
ㄍㄨㄚˋ-ㄧˊ-ㄌㄡˋ-ㄨㄢˋ	掛一漏萬	-5.83165067	sandhi
ㄍㄨㄛˋ-ㄅㄨˋ-ㄒㄧㄚˋ-ㄑㄩˋ	過不下去	-6.30877192	sandhi
ㄍㄨㄛˋ-ㄇㄣˊ-ㄅㄨˋ-ㄖㄨˋ	過門不入	-6.60980192	sandhi
ㄍㄨㄛˋ-ㄇㄨˋ-ㄅㄨˋ-ㄨㄤˋ	過目不忘	-6.00774193	sandhi
ㄍㄨㄛˋ-ㄕˊ-ㄅㄨˋ-ㄏㄡˋ	過時不候	-6.60980192	sandhi
ㄍㄨㄢ-ㄅㄨˋ-ㄓㄨˋ	關不住	-7.04116568	sandhi
ㄍㄨㄢˇ-ㄅㄨˋ-ㄉㄠˋ	管不到	-6.04116568	sandhi
ㄍㄨㄢˇ-ㄅㄨˋ-ㄓㄨˋ	管不住	-6.26301443	sandhi
ㄍㄨㄤ-ㄕㄨㄛ-ㄅㄨˋ-ㄌㄧㄢˋ	光說不練	-5.83165067	sandhi
ㄍㄨㄤ-ㄕㄨㄛ-ㄅㄨˋ-ㄗㄨㄛˋ	光說不做	-6.60980192	sandhi
ㄍㄨㄤ-ㄙㄨㄥˋ-ㄅㄨˋ-ㄇㄞˋ	光送不賣	-6.60980192	sandhi
ㄍㄨㄤˋ-ㄧ-ㄍㄨㄤˋ	逛一逛	-6.26301443	sandhi
ㄍㄨㄥ-ㄅㄨˋ-ㄒㄧㄚˋ	攻不下	-7.04116568	sandhi
ㄍㄨㄥ-ㄅㄨˋ-ㄕㄤˋ	攻不上	-7.04116568	sandhi
ㄍㄨㄥ-ㄅㄨˋ-ㄧㄥˋ-ㄑㄧㄡˊ	供不應求	-4.80362194	sandhi
ㄍㄨㄥ-ㄨˊ-ㄅㄨˋ-ㄎㄜˋ	攻無不克	-6.00774193	sandhi
ㄎㄜˇ-ㄅㄨˋ-ㄏㄨㄟˋ	可不會	-6.74013569	sandhi
ㄎㄜˇ-ㄅㄨˋ-ㄕˋ	可不是	-4.90762677	sandhi
ㄎㄞ-ㄅㄨˋ-ㄉㄨㄥˋ	開不動	-7.04116568	sandhi
ㄎㄠˇ-ㄅㄨˋ-ㄉㄠˋ	考不到	-7.04116568	sandhi
ㄎㄠˋ-ㄅㄨˋ-ㄓㄨˋ	靠不住	-5.66095444	sandhi
ㄎㄢˋ-ㄅㄨˋ-ㄒㄧㄚˋ-ㄑㄩˋ	看不下去	-4.77729300	sandhi
ㄎㄢˋ-ㄅㄨˋ-ㄕㄤˋ-ㄧㄢˇ	看不上眼	-6.30877192	sandhi
ㄎㄢˋ-ㄎㄞ-ㄧ-ㄉㄧㄢˇ	看開一點	-6.60980192	sandhi
ㄎㄢˋ-ㄧ-ㄎㄢˋ	看一看	-5.14907108	sandhi
ㄎㄢˋ-ㄧ-ㄒㄧㄚˋ	看一下	-4.52529184	sandhi
ㄎㄢˋ-ㄧㄝˇ-ㄅㄨˋ-ㄎㄢˋ	看也不看	-6.30877192	sandhi
ㄎㄨ-ㄔㄥˊ-ㄧ-ㄊㄨㄢˊ	哭成一團	-6.60980192	sandhi
ㄎㄨㄞˋ-ㄅㄨˋ-ㄎㄨㄞˋ-ㄌㄜˋ	快不快樂	-5.83165067	sandhi
ㄎㄨㄣˇ-ㄔㄥˊ-ㄧ-ㄉㄨㄟ	捆成一堆	-6.60980192	sandhi
ㄎㄨㄥ-ㄇㄤˊ-ㄧˋ-ㄔㄤˇ	空忙一場	-6.60980192	sandhi
ㄎㄨㄥ-ㄉㄥˇ-ㄧˋ-ㄔㄤˇ	空等一場	-6.60980192	sandhi
ㄏㄜˊ-ㄒㄧㄝˊ-ㄧ-ㄓˋ	和諧一致	-6.60980192	sandhi
ㄏㄜˊ-ㄕㄨㄟˇ-ㄅㄨˋ-ㄈㄢˋ-ㄐㄧㄥˇ-ㄕㄨㄟˇ	河水不犯井水	-5.74707439	sandhi
ㄏㄞˇ-ㄊㄧㄢ-ㄧ-ㄙㄜˋ	海天一色	-6.00774193	sandhi
ㄏㄞˊ-ㄅㄨˋ-ㄕˋ	還不是	-4.52529184	sandhi
ㄏㄞˊ-ㄅㄨˋ-ㄘㄨㄛˋ	還不錯	-4.50460724	sandhi
ㄏㄠˇ-ㄅㄨˋ-ㄎㄨㄞˋ-ㄏㄨㄛˊ	好不快活	-6.30877192	sandhi
ㄏㄠˇ-ㄅㄨˋ-ㄖㄜˋ-ㄋㄠˋ	好不熱鬧	-6.30877192	sandhi
ㄏㄠˇ-ㄅㄨˋ-ㄗˋ-ㄗㄞˋ	好不自在	-6.30877192	sandhi
ㄏㄠˇ-ㄧ-ㄏㄨㄟˇ-ㄦ	好一會兒	-5.35452941	sandhi
ㄏㄠˇ-ㄧˋ-ㄏㄨㄟˇ	好一會	-5.39771300	sandhi
ㄏㄠˊ-ㄅㄨˋ-ㄈㄟˋ-ㄌㄧˋ	毫不費力	-6.60980192	sandhi
ㄏㄠˊ-ㄅㄨˋ-ㄉㄨㄥˋ-ㄧㄠˊ	毫不動搖	-6.60980192	sandhi
ㄏㄠˊ-ㄅㄨˋ-ㄏㄨㄟˋ-ㄧㄢˊ	毫不諱言	-6.60980192	sandhi
ㄏㄠˊ-ㄅㄨˋ-ㄒㄩㄣˋ-ㄙㄜˋ	毫不遜色	-5.35452941	sandhi
ㄏㄠˊ-ㄅㄨˋ-ㄗㄞˋ-ㄏㄨ	毫不在乎	-6.00774193	sandhi
ㄏㄠˊ-ㄈㄚˇ-ㄅㄨˋ-ㄔㄚˋ	毫髮不差	-6.60980192	sandhi
ㄏㄠˊ-ㄌㄧˊ-ㄅㄨˋ-ㄔㄚˋ	毫釐不差	-6.60980192	sandhi
ㄏㄠˋ-ㄒㄩㄝˊ-ㄅㄨˋ-ㄐㄩㄢˋ	好學不倦	-6.60980192	sandhi
ㄏㄢˋ-ㄖㄢˊ-ㄅㄨˋ-ㄍㄨˋ	悍然不顧	-6.60980192	sandhi
ㄏㄨˊ-ㄊㄨˊ-ㄧˋ-ㄕˊ	糊塗一時	-6.60980192	sandhi
ㄏㄨˋ-ㄕㄨ-ㄅㄨˋ-ㄉㄨˋ	戶樞不蠹	-6.60980192	sandhi
ㄏㄨㄚˊ-ㄌㄜ˙-ㄧˋ-ㄐㄧㄠ	滑了一跤	-6.60980192	sandhi
ㄏㄨㄚˋ-ㄈㄥ-ㄧˋ-ㄓㄨㄢˇ	話鋒一轉	-5.60980192	sandhi
ㄏㄨㄚˋ-ㄊㄧˊ-ㄧ-ㄓㄨㄢˇ	話題一轉	-6.60980192	sandhi
ㄏㄨㄚˋ-ㄧ-ㄅㄨˋ-ㄦˋ	劃一不二	-6.60980192	sandhi
ㄏㄨㄛˊ-ㄅㄨˋ-ㄒㄧㄚˋ-ㄑㄩˋ	活不下去	-5.19482857	sandhi
ㄏㄨㄟˇ-ㄩˊ-ㄧˊ-ㄉㄢˋ	毀於一旦	-5.60980192	sandhi
ㄏㄨㄟˋ-ㄅㄨˋ-ㄏㄨㄟˋ	會不會	-3.74362401	sandhi
ㄏㄨㄟˋ-ㄒㄧㄣ-ㄧ-ㄒㄧㄠˋ	會心一笑	-5.19482857	sandhi
ㄏㄨㄟˋ-ㄦˊ-ㄅㄨˋ-ㄈㄟˋ	惠而不費	-5.53062067	sandhi
ㄏㄨㄢ-ㄐㄩˋ-ㄧ-ㄊㄤˊ	歡聚一堂	-6.30877192	sandhi
ㄏㄨㄢˋ-ㄊㄤ-ㄅㄨˋ-ㄏㄨㄢˋ-ㄧㄠˋ	換湯不換藥	-5.87740816	sandhi
ㄏㄨㄢˋ-ㄖㄢˊ-ㄧˋ-ㄒㄧㄣ	煥然一新	-5.03001832	sandhi
ㄏㄨㄣˋ-ㄅㄨˋ-ㄒㄧㄚˋ-ㄑㄩˋ	混不下去	-6.60980192	sandhi
ㄏㄨㄣˋ-ㄨㄟˊ-ㄧˋ-ㄊㄢˊ	混為一談	-5.07832300	sandhi
ㄏㄨㄥ-ㄉㄨㄥˋ-ㄧ-ㄕˊ	轟動一時	-5.16264389	sandhi
ㄏㄨㄥˊ-ㄅㄨˋ-ㄖㄤˋ	紅不讓	-6.26301443	sandhi
ㄏㄨㄥˊ-ㄐㄧˊ-ㄧ-ㄕˊ	紅極一時	-5.70671193	sandhi
ㄐㄧ-ㄏㄨㄟˋ-ㄅㄨˋ-ㄗㄞˋ	機會不再	-6.60980192	sandhi
ㄐㄧ-ㄓㄚ-ㄅㄨˋ-ㄉㄨㄢˋ	嘰喳不斷	-6.60980192	sandhi
ㄐㄧ-ㄖㄨㄛˋ-ㄅㄨˋ-ㄓㄣˋ	積弱不振	-5.35452941	sandhi
ㄐㄧˇ-ㄙㄨㄛˇ-ㄅㄨˋ-ㄩˋ	己所不欲	-5.46367388	sandhi
ㄐㄧˊ-ㄩˊ-ㄧˋ-ㄕㄣ	集於一身	-6.00774193	sandhi
ㄐㄧˋ-ㄅㄨˋ-ㄐㄧˋ-ㄉㄜˊ	記不記得	-5.35452941	sandhi
ㄐㄧˋ-ㄅㄨˋ-ㄓㄨˋ	記不住	-6.04116568	sandhi
ㄐㄧˋ-ㄅㄨˋ-ㄕˋ	既不是	-5.62619233	sandhi
ㄐㄧˋ-ㄍㄠ-ㄧˋ-ㄔㄡˊ	技高一籌	-5.83165067	sandhi
ㄐㄧˋ-ㄒㄩˋ-ㄅㄨˋ-ㄉㄨㄢˋ	繼續不斷	-4.98655263	sandhi
ㄐㄧㄚ-ㄇㄣˊ-ㄅㄨˋ-ㄒㄧㄥˋ	家門不幸	-6.60980192	sandhi
ㄐㄧㄚ-ㄖㄣˊ-ㄧˋ-ㄉㄥˇ	加人一等	-6.60980192	sandhi
ㄐㄧㄚ-ㄙㄞˋ-ㄧˋ-ㄔㄤˇ	加賽一場	-6.60980192	sandhi
ㄐㄧㄚˋ-ㄅㄨˋ-ㄓㄨˋ	架不住	-6.13807569	sandhi
ㄐㄧㄝ-ㄌㄧㄢˊ-ㄅㄨˋ-ㄉㄨㄢˋ	接連不斷	-5.60980192	sandhi
ㄐㄧㄝˊ-ㄨㄟˊ-ㄧˋ-ㄊㄧˇ	結為一體	-6.00774193	sandhi
ㄐㄧㄝˋ-ㄍㄨㄛˋ-ㄧ-ㄒㄧㄚˋ	借過一下	-6.60980192	sandhi
ㄐㄧㄝˋ-ㄎㄢˋ-ㄧ-ㄒㄧㄚˋ	借看一下	-6.00774193	sandhi
ㄐㄧㄝˋ-ㄙㄨˋ-ㄧ-ㄧㄝˋ	借宿一夜	-6.60980192	sandhi
ㄐㄧㄝˋ-ㄙㄨˋ-ㄧ-ㄨㄢˇ	借宿一晚	-6.60980192	sandhi
ㄐㄧㄠ-ㄧㄡˇ-ㄅㄨˋ-ㄕㄣˋ	交友不慎	-6.30877192	sandhi
ㄐㄧㄠˋ-ㄏㄠˇ-ㄅㄨˋ-ㄐㄧㄠˋ-ㄗㄨㄛˋ	叫好不叫座	-6.17843815	sandhi
ㄐㄧㄠˋ-ㄒㄩㄝˊ-ㄅㄨˋ-ㄐㄩㄢˋ	教學不倦	-6.60980192	sandhi
ㄐㄧㄡˇ-ㄋㄧㄡˊ-ㄓ-ㄧˋ-ㄇㄠˊ	九牛之一毛	-5.87740816	sandhi
ㄐㄧㄡˇ-ㄋㄧㄢˊ-ㄧ-ㄍㄨㄢˋ	九年一貫	-4.21535024	sandhi
ㄐㄧㄡˇ-ㄋㄧㄢˊ-ㄧ-ㄍㄨㄢˋ-ㄎㄜˋ-ㄔㄥˊ	九年一貫課程	-3.73004105	sandhi
ㄐㄧㄡˋ-ㄅㄨˋ-ㄕˋ	就不是	-4.57578283	sandhi
ㄐㄧㄡˋ-ㄅㄨˋ-ㄩㄥˋ	就不用	-4.78589318	sandhi
ㄐㄧㄡˋ-ㄐㄧˊ-ㄅㄨˋ-ㄐㄧㄡˋ-ㄑㄩㄥˊ	救急不救窮	-5.87740816	sandhi
ㄐㄧㄡˋ-ㄖㄣˊ-ㄧ-ㄇㄧㄥˋ	救人一命	-6.60980192	sandhi
ㄐㄧㄢ-ㄐㄩㄝˊ-ㄅㄨˋ-ㄅㄧㄢˋ	堅決不變	-6.60980192	sandhi
ㄐㄧㄢ-ㄔˊ-ㄅㄨˋ-ㄒㄧㄚˋ	堅持不下	-6.60980192	sandhi
ㄐㄧㄢ-ㄔˊ-ㄅㄨˋ-ㄒㄧㄝˋ	堅持不懈	-6.60980192	sandhi
ㄐㄧㄢˋ-ㄅㄨˋ-ㄉㄠˋ	見不到	-6.04116568	sandhi
ㄐㄧㄢˋ-ㄍㄨㄞˋ-ㄅㄨˋ-ㄍㄨㄞˋ	見怪不怪	-5.05349942	sandhi
ㄐㄧㄢˋ-ㄙˇ-ㄅㄨˋ-ㄐㄧㄡˋ	見死不救	-5.60980192	sandhi
ㄐㄧㄣ-ㄅㄨˋ-ㄏㄨㄢˋ	金不換	-6.74013569	sandhi
ㄐㄧㄣ-ㄅㄨˋ-ㄓㄨˋ	禁不住	-5.30877192	sandhi
ㄐㄧㄣ-ㄍㄨㄛˊ-ㄅㄨˋ-ㄖㄤˋ-ㄒㄩ-ㄇㄟˊ	巾幗不讓鬚眉	-5.44604439	sandhi
ㄐㄧㄣˋ-ㄧ-ㄅㄨˋ	進一步	-3.64045504	sandhi
ㄐㄧㄣˋ-ㄧˊ-ㄅㄨˋ-ㄉㄧˋ	進一步地	-5.07832300	sandhi
ㄐㄧㄣˋ-ㄧˊ-ㄅㄨˋ-ㄉㄧ˙	進一步地	-5.07832300	sandhi
ㄐㄧㄤ-ㄔˊ-ㄅㄨˋ-ㄒㄧㄚˋ	僵持不下	-5.10465194	sandhi
ㄐㄧㄥ-ㄏㄨㄥˊ-ㄧˋ-ㄆㄧㄝ	驚鴻一瞥	-5.60980192	sandhi
ㄐㄧㄥ-ㄕㄣˊ-ㄅㄨˋ-ㄐㄧˋ	精神不濟	-6.30877192	sandhi
ㄐㄧㄥ-ㄕㄣˊ-ㄨㄟˊ-ㄓ-ㄧ-ㄓㄣˋ	精神為之一振	-5.74707439	sandhi
ㄐㄧㄥ-ㄧㄥˊ-ㄅㄨˋ-ㄕㄢˋ	經營不善	-5.35452941	sandhi
ㄐㄧㄥˇ-ㄕㄨㄟˇ-ㄅㄨˋ-ㄈㄢˋ-ㄏㄜˊ-ㄕㄨㄟˇ	井水不犯河水	-5.14501440	sandhi
ㄐㄧㄥˋ-ㄅㄨˋ-ㄕˋ	竟不是	-5.69874300	sandhi
ㄐㄩˇ-ㄧˊ-ㄈㄟˋ-ㄅㄞˇ	舉一廢百	-6.60980192	sandhi
ㄐㄩˇ-ㄧˋ-ㄈㄢˇ-ㄙㄢ	舉一反三	-6.00774193	sandhi
ㄐㄩˊ-ㄘㄨˋ-ㄧˋ-ㄩˊ	跼促一隅	-6.60980192	sandhi
ㄐㄩㄝˊ-ㄅㄨˋ-ㄏㄨㄟˋ	決不會	-5.83704570	sandhi
ㄐㄩㄝˊ-ㄅㄨˋ-ㄏㄨㄟˋ	絕不會	-5.39771300	sandhi
ㄐㄩㄝˊ-ㄅㄨˋ-ㄕˋ	決不是	-5.62619233	sandhi
ㄐㄩㄝˊ-ㄅㄨˋ-ㄗㄞˋ	決不在	-7.04116568	sandhi
ㄐㄩㄝˊ-ㄧ-ㄘˊ-ㄒㄩㄥˊ	決一雌雄	-6.60980192	sandhi
ㄐㄩㄝˊ-ㄧˋ-ㄘ-ㄒㄩㄥˊ	決一雌雄	-6.60980192	sandhi
ㄑㄧ-ㄇㄧˊ-ㄅㄨˋ-ㄓㄣˋ	淒迷不振	-6.60980192	sandhi
ㄑㄧˇ-ㄅㄨˋ-ㄕˋ	豈不是	-5.01585982	sandhi
ㄑㄧˇ-ㄈㄨˊ-ㄅㄨˋ-ㄉㄧㄥˋ	起伏不定	-6.00774193	sandhi
ㄑㄧˊ-ㄐㄩˋ-ㄧ-ㄊㄤˊ	齊聚一堂	-4.77729300	sandhi
ㄑㄧˋ-ㄒㄧㄤˋ-ㄧ-ㄒㄧㄣ	氣象一新	-6.60980192	sandhi
ㄑㄧˋ-ㄓˋ-ㄅㄨˋ-ㄩㄥˋ	棄置不用	-6.60980192	sandhi
ㄑㄧㄚ-ㄓˇ-ㄧˊ-ㄙㄨㄢˋ	掐指一算	-6.60980192	sandhi
ㄑㄧㄠ-ㄧ-ㄑㄧㄠ	敲一敲	-6.74013569	sandhi
ㄑㄧㄢ-ㄧ-ㄈㄚˇ-ㄉㄨㄥˋ-ㄑㄩㄢˊ-ㄕㄣ	牽一髮動全身	-4.96892314	sandhi
ㄑㄧㄢˊ-ㄧˊ-ㄓㄣˋ-ㄗ˙	前一陣子	-4.56058389	sandhi
ㄑㄧㄢˊ-ㄧㄢˊ-ㄅㄨˋ-ㄉㄨㄟˋ-ㄏㄡˋ-ㄩˇ	前言不對後語	-5.14501440	sandhi
ㄑㄧㄣˊ-ㄇㄧㄢˇ-ㄅㄨˋ-ㄐㄩㄢˋ	勤勉不倦	-6.60980192	sandhi
ㄑㄧㄣˊ-ㄘㄞˋ-ㄊㄧㄢˊ-ㄅㄨˋ-ㄌㄚˋ	芹菜甜不辣	-6.17843815	sandhi
ㄑㄧㄤˇ-ㄍㄡˋ-ㄧˋ-ㄎㄨㄥ	搶購一空	-5.70671193	sandhi
ㄑㄧㄥ-ㄧˊ-ㄙㄜˋ	清一色	-5.19606764	sandhi
ㄑㄧㄥˇ-ㄅㄨˋ-ㄉㄠˋ	請不到	-6.43910569	sandhi
ㄑㄧㄥˇ-ㄅㄨˋ-ㄉㄨㄥˋ	請不動	-7.04116568	sandhi
ㄑㄧㄥˊ-ㄅㄨˊ-ㄗˋ-ㄔˊ	情不自持	-6.60980192	sandhi
ㄑㄩˇ-ㄎㄨㄞˋ-ㄧ-ㄕˊ	取快一時	-6.60980192	sandhi
ㄑㄩˇ-ㄓ-ㄅㄨˋ-ㄐㄧㄣˋ	取之不盡	-5.46367388	sandhi
ㄑㄩˇ-ㄕㄜˇ-ㄅㄨˋ-ㄉㄧㄥˋ	取捨不定	-6.30877192	sandhi
ㄑㄩㄝˋ-ㄅㄨˋ-ㄏㄨㄟˋ	卻不會	-5.66095444	sandhi
ㄑㄩㄝˋ-ㄅㄨˋ-ㄕˋ	卻不是	-5.14907108	sandhi
ㄑㄩㄢˇ-ㄅㄨˋ-ㄧㄝˋ-ㄈㄟˋ	犬不夜吠	-6.60980192	sandhi
ㄑㄩㄢˊ-ㄅㄨˋ-ㄏㄨㄟˋ	全不會	-5.62619233	sandhi
ㄑㄩㄢˊ-ㄅㄨˋ-ㄕˋ	全不是	-5.53601570	sandhi
ㄒㄧ-ㄍㄞˋ-ㄓㄨㄥˋ-ㄌㄜ˙-ㄧˊ-ㄐㄧㄢˋ	膝蓋中了一箭	-5.74707439	sandhi
ㄒㄧ-ㄧˋ-ㄎㄡˇ-ㄑㄧˋ	吸一口氣	-6.00774193	sandhi
ㄒㄧˇ-ㄅㄨˋ-ㄉㄧㄠˋ	洗不掉	-7.04116568	sandhi
ㄒㄧˇ-ㄅㄨˋ-ㄗˋ-ㄕㄥ	喜不自勝	-6.00774193	sandhi
ㄒㄧˇ-ㄕㄡˇ-ㄅㄨˋ-ㄍㄢˋ	洗手不幹	-6.30877192	sandhi
ㄒㄧˊ-ㄐㄩㄢˇ-ㄧ-ㄎㄨㄥ	席捲一空	-6.60980192	sandhi
ㄒㄧㄚˊ-ㄅㄨˊ-ㄗˋ-ㄧㄢˇ	瑕不自揜	-6.60980192	sandhi
ㄒㄧㄚˋ-ㄌㄜ˙-ㄧ-ㄉㄚˋ-ㄊㄧㄠˋ	嚇了一大跳	-5.27534817	sandhi
ㄒㄧㄚˋ-ㄌㄜ˙-ㄧ-ㄊㄧㄠˋ	嚇了一跳	-5.35452941	sandhi
ㄒㄧㄚˋ-ㄧ-ㄊㄧㄠˋ	嚇一跳	-5.27773769	sandhi
ㄒㄧㄚˋ-ㄧ-ㄐㄧˊ	下一集	-6.43910569	sandhi
ㄒㄧㄚˋ-ㄧ-ㄧㄝˋ	下一頁	-5.74013569	sandhi
ㄒㄧㄝ-ㄧ-ㄏㄨㄟˇ	歇一會	-7.04116568	sandhi
ㄒㄧㄝ-ㄧ-ㄒㄧㄡˇ	歇一宿	-7.04116568	sandhi
ㄒㄧㄝˊ-ㄅㄨˋ-ㄕㄥˋ-ㄓㄥˋ	邪不勝正	-6.30877192	sandhi
ㄒㄧㄠ-ㄕㄡˋ-ㄧˋ-ㄎㄨㄥ	銷售一空	-5.26737924	sandhi
ㄒㄧㄢˇ-ㄗㄠ-ㄅㄨˋ-ㄘㄜˋ	險遭不測	-6.60980192	sandhi
ㄒㄧㄢˊ-ㄅㄨˋ-ㄓㄨˋ	閒不住	-6.26301443	sandhi
ㄒㄧㄢˊ-ㄍㄜ-ㄅㄨˋ-ㄔㄨㄛˋ	絃歌不輟	-6.00774193	sandhi
ㄒㄧㄢˊ-ㄓˋ-ㄅㄨˋ-ㄩㄥˋ	閒置不用	-5.83165067	sandhi
ㄒㄧㄣ-ㄅㄨˋ-ㄍㄢ-ㄑㄧㄥˊ-ㄅㄨˋ-ㄩㄢˋ	心不甘情不願	-4.66789314	sandhi
ㄒㄧㄣ-ㄕㄣˊ-ㄅㄨˋ-ㄉㄧㄥˋ	心神不定	-6.00774193	sandhi
ㄒㄧㄣ-ㄕㄨˋ-ㄅㄨˋ-ㄓㄥˋ	心術不正	-6.30877192	sandhi
ㄒㄧㄣ-ㄧ-ㄉㄞˋ	新一代	-4.81071676	sandhi
ㄒㄧㄣ-ㄧ-ㄐㄧˋ	新一季	-5.74013569	sandhi
ㄒㄧㄣˋ-ㄕㄡˇ-ㄅㄨˋ-ㄑㄧˋ	信守不棄	-6.60980192	sandhi
ㄒㄧㄤ-ㄏㄨㄛˇ-ㄅㄨˋ-ㄉㄨㄢˋ	香火不斷	-6.60980192	sandhi
ㄒㄧㄤˇ-ㄅㄨˋ-ㄉㄠˋ	想不到	-4.52265174	sandhi
ㄒㄧㄤˇ-ㄅㄨˋ-ㄊㄡˋ	想不透	-5.53601570	sandhi
ㄒㄧㄥˊ-ㄉㄨㄥˋ-ㄅㄨˋ-ㄅㄧㄢˋ	行動不便	-5.03001832	sandhi
ㄒㄧㄥˊ-ㄕㄢˋ-ㄅㄨˋ-ㄩˋ-ㄖㄣˊ-ㄓ	行善不欲人知	-5.74707439	sandhi
ㄒㄧㄥˊ-ㄗㄨㄥ-ㄅㄨˋ-ㄉㄧㄥˋ	行蹤不定	-6.60980192	sandhi
ㄒㄧㄥˋ-ㄑㄩˋ-ㄅㄨˋ-ㄉㄚˋ	興趣不大	-5.83165067	sandhi
ㄒㄩ-ㄏㄨㄤˇ-ㄧˊ-ㄒㄧㄚˋ	虛晃一下	-6.60980192	sandhi
ㄒㄩ-ㄏㄨㄤˇ-ㄧˋ-ㄑㄧㄤ	虛晃一槍	-6.60980192	sandhi
ㄒㄩ-ㄏㄨㄤˇ-ㄧˋ-ㄓㄠ	虛晃一招	-6.00774193	sandhi
ㄒㄩ-ㄐㄧㄥ-ㄧˋ-ㄔㄤˇ	虛驚一場	-5.83165067	sandhi
ㄒㄩㄝˊ-ㄅㄨˋ-ㄏㄨㄟˋ	學不會	-6.04116568	sandhi
ㄒㄩㄥˊ-ㄅㄚˋ-ㄧ-ㄈㄤ	雄霸一方	-6.00774193	sandhi
ㄒㄩㄥˊ-ㄐㄩˋ-ㄧ-ㄈㄤ	雄據一方	-6.60980192	sandhi
ㄓ-ㄑㄧˊ-ㄧˊ-ㄅㄨˋ-ㄓ-ㄑㄧˊ-ㄦˋ	知其一不知其二	-5.31571062	sandhi
ㄓ-ㄑㄧㄥˊ-ㄅㄨˋ-ㄅㄠˋ	知情不報	-6.30877192	sandhi
ㄓ-ㄔˊ-ㄅㄨˋ-ㄓㄨˋ	支持不住	-6.60980192	sandhi
ㄓˇ-ㄅㄠ-ㄅㄨˋ-ㄓㄨˋ	紙包不住	-6.00774193	sandhi
ㄓˇ-ㄅㄠ-ㄅㄨˋ-ㄓㄨˋ-ㄏㄨㄛˇ	紙包不住火	-5.57637816	sandhi
ㄓˇ-ㄅㄨˋ-ㄓㄨˋ	止不住	-6.43910569	sandhi
ㄓˇ-ㄕㄨㄛ-ㄅㄨˋ-ㄗㄨㄛˋ	只說不做	-6.30877192	sandhi
ㄓˇ-ㄗㄨ-ㄅㄨˋ-ㄇㄞˋ	只租不賣	-6.30877192	sandhi
ㄓˇ-ㄙㄨㄥˋ-ㄅㄨˋ-ㄇㄞˋ	只送不賣	-6.30877192	sandhi
ㄓˊ-ㄉㄜˊ-ㄧ-ㄊㄧˊ-ㄉㄜ˙-ㄕˋ	值得一提的是	-4.08431656	sandhi
ㄓˊ-ㄌㄧㄤˋ-ㄅㄨˋ-ㄇㄧㄝˋ-ㄉㄧㄥˋ-ㄌㄩˋ	質量不滅定律	-5.74707439	sandhi
ㄓˊ-ㄧㄢˊ-ㄅㄨˋ-ㄏㄨㄟˋ	直言不諱	-6.00774193	sandhi
ㄓˋ-ㄅㄨˋ-ㄗㄞˋ-ㄘˇ	志不在此	-6.60980192	sandhi
ㄓˋ-ㄇㄧㄥˋ-ㄧˋ-ㄐㄧˊ	致命一擊	-6.60980192	sandhi
ㄓˋ-ㄓ-ㄅㄨˋ-ㄍㄨˋ	置之不顧	-6.60980192	sandhi
ㄓˋ-ㄙˇ-ㄅㄨˋ-ㄅㄧㄢˋ	至死不變	-6.60980192	sandhi
ㄓˋ-ㄙˇ-ㄅㄨˋ-ㄨˋ	至死不悟	-6.60980192	sandhi
ㄓㄜ-ㄅㄨˋ-ㄓㄨˋ	遮不住	-7.04116568	sandhi
ㄓㄜˊ-ㄅㄨˋ-ㄉㄨㄢˋ	折不斷	-6.43910569	sandhi
ㄓㄜˋ-ㄧ-ㄉㄧㄢˇ	這一點	-4.47768460	sandhi
ㄓㄜˋ-ㄧ-ㄌㄞˊ	這一來	-5.53601570	sandhi
ㄓㄜˋ-ㄧ-ㄍㄜ˙	這一個	-4.32349518	sandhi
ㄓㄜˋ-ㄧ-ㄒㄧㄚˋ	這一下	-5.53601570	sandhi
ㄓㄜˋ-ㄧ-ㄒㄧㄝ	這一些	-4.59400765	sandhi
ㄓㄜˋ-ㄧ-ㄓㄣˋ-ㄗ˙	這一陣子	-5.30877192	sandhi
ㄓㄜˋ-ㄧ-ㄕㄥ	這一生	-5.53601570	sandhi
ㄓㄜˋ-ㄧˋ-ㄏㄤˊ	這一行	-5.43910569	sandhi
ㄓㄜˋ-ㄧㄤˋ-ㄧ-ㄌㄞˊ	這樣一來	-4.66531924	sandhi
ㄓㄠ-ㄐㄧㄚˋ-ㄅㄨˋ-ㄓㄨˋ	招架不住	-5.70671193	sandhi
ㄓㄠˇ-ㄅㄨˋ-ㄉㄠˋ	找不到	-4.22426184	sandhi
ㄓㄠˋ-ㄅㄨˋ-ㄉㄠˋ	照不到	-6.74013569	sandhi
ㄓㄠˋ-ㄅㄨˋ-ㄓㄨˋ	罩不住	-6.26301443	sandhi
ㄓㄢ-ㄅㄨˋ-ㄕㄤˋ-ㄅㄧㄢ	沾不上邊	-6.30877192	sandhi
ㄓㄢˋ-ㄅㄨˋ-ㄓㄨˋ	站不住	-5.53601570	sandhi
ㄓㄢˋ-ㄅㄨˋ-ㄓㄨˋ-ㄐㄧㄠˇ	站不住腳	-5.19482857	sandhi
ㄓㄢˋ-ㄓㄜ˙-ㄅㄨˋ-ㄉㄨㄥˋ	站著不動	-6.30877192	sandhi
ㄓㄣ-ㄅㄨˋ-ㄎㄨㄟˋ-ㄕˋ	真不愧是	-5.70671193	sandhi
ㄓㄣ-ㄅㄨˋ-ㄕˋ	真不是	-5.83704570	sandhi
ㄓㄣ-ㄐㄧㄣ-ㄅㄨˋ-ㄆㄚˋ-ㄏㄨㄛˇ	真金不怕火	-6.17843815	sandhi
ㄓㄣ-ㄐㄧㄣ-ㄅㄨˋ-ㄆㄚˋ-ㄏㄨㄛˇ-ㄌㄧㄢˋ	真金不怕火煉	-5.74707439	sandhi
ㄓㄣ-ㄓㄨㄛˊ-ㄧˊ-ㄒㄧㄚˋ	斟酌一下	-6.30877192	sandhi
ㄓㄥ-ㄔˊ-ㄅㄨˋ-ㄒㄧㄚˋ	爭持不下	-6.60980192	sandhi
ㄓㄥ-ㄧˋ-ㄓ-ㄧㄢˇ	睜一隻眼	-5.60980192	sandhi
ㄓㄨˇ-ㄧˋ-ㄍㄨㄛ	煮一鍋	-6.43910569	sandhi
ㄓㄨˋ-ㄈㄚˇ-ㄉㄚˋ-ㄕˇ	駐法大使	-6.60980192	sandhi
ㄓㄨˋ-ㄕㄤ-ㄅㄨˋ-ㄉㄨㄥˋ-ㄔㄢˇ	住商不動產	-5.87740816	sandhi
ㄓㄨˋ-ㄧ-ㄑㄧˇ	住一起	-7.04116568	sandhi
ㄓㄨㄚ-ㄓㄜ˙-ㄅㄨˋ-ㄈㄤˋ	抓著不放	-6.60980192	sandhi
ㄓㄨㄛ-ㄇㄛ-ㄅㄨˋ-ㄉㄧㄥˋ	捉摸不定	-5.30877192	sandhi
ㄓㄨㄟ-ㄅㄨˋ-ㄕㄤˋ	追不上	-5.96198443	sandhi
ㄓㄨㄢˋ-ㄅㄨˋ-ㄉㄠˋ	賺不到	-5.83704570	sandhi
ㄓㄨㄤ-ㄅㄨˋ-ㄒㄧㄚˋ	裝不下	-5.83704570	sandhi
ㄓㄨㄥ-ㄈㄚˇ	中法	-5.99540819	sandhi
ㄓㄨㄥ-ㄈㄚˇ-ㄓㄢˋ-ㄓㄥ	中法戰爭	-6.00774193	sandhi
ㄓㄨㄥ-ㄈㄚˇ-ㄘˊ-ㄉㄧㄢˇ	中法詞典	-6.60980192	sandhi
ㄓㄨㄥ-ㄍㄨㄟ-ㄧ-ㄐㄩˋ	終歸一句	-6.60980192	sandhi
ㄓㄨㄥ-ㄑㄧˊ-ㄧ-ㄕㄥ	終其一生	-5.03001832	sandhi
ㄓㄨㄥ-ㄒㄩ-ㄧˋ-ㄅㄧㄝˊ	終須一別	-6.60980192	sandhi
ㄓㄨㄥ-ㄓㄣ-ㄅㄨˋ-ㄦˋ	忠貞不二	-6.60980192	sandhi
ㄓㄨㄥ-ㄕㄣ-ㄅㄨˋ-ㄨㄤˋ	終身不忘	-6.60980192	sandhi
ㄓㄨㄥˋ-ㄅㄨˋ-ㄓㄨㄥˋ-ㄧㄠˋ	重不重要	-6.30877192	sandhi
ㄓㄨㄥˋ-ㄓˊ-ㄅㄨˋ-ㄓㄨㄥˋ-ㄌㄧㄤˋ	重質不重量	-5.87740816	sandhi
ㄔ-ㄅㄨˋ-ㄉㄠˋ	吃不到	-5.43910569	sandhi
ㄔ-ㄅㄨˋ-ㄒㄧㄚˋ-ㄑㄩˋ	吃不下去	-6.30877192	sandhi
ㄔ-ㄅㄨˋ-ㄕㄤˋ	吃不上	-7.04116568	sandhi
ㄔ-ㄌㄜ˙-ㄧˋ-ㄐㄧㄥ	吃了一驚	-5.83165067	sandhi
ㄔˊ-ㄔㄨˊ-ㄅㄨˋ-ㄐㄧㄣˋ	踟躕不進	-6.60980192	sandhi
ㄔㄚ-ㄧ-ㄉㄧㄢˇ	差一點	-5.04116568	sandhi
ㄔㄚˊ-ㄅㄨˋ-ㄉㄠˋ	查不到	-5.43910569	sandhi
ㄔㄠ-ㄖㄣˊ-ㄧ-ㄉㄥˇ	超人一等	-6.30877192	sandhi
ㄔㄣˊ-ㄅㄨˋ-ㄓㄨˋ-ㄑㄧˋ	沈不住氣	-6.30877192	sandhi
ㄔㄣˊ-ㄅㄨˋ-ㄓㄨˋ-ㄑㄧˋ	沉不住氣	-6.30877192	sandhi
ㄔㄤˊ-ㄒㄩ-ㄧˋ-ㄕㄥ	長吁一聲	-6.60980192	sandhi
ㄔㄥ-ㄅㄨˋ-ㄒㄧㄚˋ-ㄑㄩˋ	撐不下去	-5.35452941	sandhi
ㄔㄥ-ㄅㄨˋ-ㄓㄨˋ	撐不住	-6.04116568	sandhi
ㄔㄥ-ㄧˊ-ㄒㄧㄚˋ	撐一下	-6.04116568	sandhi
ㄔㄥˊ-ㄅㄞˋ-ㄅㄨˋ-ㄐㄧˋ	成敗不計	-6.60980192	sandhi
ㄔㄥˊ-ㄅㄞˋ-ㄗㄞˋ-ㄘˇ-ㄧˋ-ㄐㄩˇ	成敗在此一舉	-5.74707439	sandhi
ㄔㄥˊ-ㄧˋ-ㄐㄧㄚ-ㄧㄢˊ	成一家言	-6.00774193	sandhi
ㄔㄥˊ-ㄧˋ-ㄐㄧㄥˇ-ㄅㄞˊ	懲一警百	-6.60980192	sandhi
ㄔㄨ-ㄇㄛˋ-ㄅㄨˋ-ㄉㄧㄥˋ	出沒不定	-6.60980192	sandhi
ㄔㄨ-ㄕ-ㄅㄨˋ-ㄌㄧˋ	出師不利	-6.60980192	sandhi
ㄔㄨˊ-ㄅㄨˋ-ㄐㄧㄣˋ	除不盡	-6.74013569	sandhi
ㄔㄨㄢ-ㄅㄨˋ-ㄒㄧㄚˋ	穿不下	-6.74013569	sandhi
ㄔㄨㄢˊ-ㄅㄨˋ-ㄉㄠˋ	傳不到	-6.43910569	sandhi
ㄔㄨㄢˊ-ㄧˊ-ㄉㄠˋ-ㄅㄨˋ	船一到埠	-6.30877192	sandhi
ㄔㄨㄣ-ㄇㄥˋ-ㄧˋ-ㄔㄤˇ-ㄎㄨㄥ	春夢一場空	-6.17843815	sandhi
ㄔㄨㄣ-ㄒㄧㄠ-ㄧ-ㄎㄜˋ	春宵一刻	-6.60980192	sandhi
ㄔㄨㄣ-ㄒㄧㄠ-ㄧˊ-ㄎㄜˋ-ㄓˊ-ㄑㄧㄢ-ㄐㄧㄣ	春宵一刻值千金	-5.31571062	sandhi
ㄕˇ-ㄓㄨㄥ-ㄅㄨˋ-ㄅㄧㄢˋ	始終不變	-6.00774193	sandhi
ㄕˊ-ㄐㄧ-ㄅㄨˋ-ㄗㄞˋ	時機不再	-6.60980192	sandhi
ㄕˊ-ㄩˋ-ㄅㄨˋ-ㄓㄣˋ	食慾不振	-5.26737924	sandhi
ㄕˊ-ㄩˋ-ㄅㄨˋ-ㄓㄣˋ	食欲不振	-6.60980192	sandhi
ㄕˊ-ㄩㄣˋ-ㄅㄨˋ-ㄐㄧˋ	時運不濟	-6.00774193	sandhi
ㄕˋ-ㄅㄨˋ-ㄕˋ	是不是	-3.51070984	sandhi
ㄕˋ-ㄅㄨˋ-ㄕˋ-ㄏㄜˊ	適不適合	-4.94704408	sandhi
ㄕˋ-ㄈㄨˊ-ㄅㄨˋ-ㄕˋ-ㄏㄨㄛˋ	是福不是禍	-6.17843815	sandhi
ㄕˋ-ㄌㄧㄥˋ-ㄨㄞˋ-ㄧˋ-ㄏㄨㄟˊ-ㄕˋ	是另外一回事	-4.16729079	sandhi
ㄕㄚ-ㄔㄨ-ㄧ-ㄊㄧㄠˊ-ㄕㄥ-ㄌㄨˋ	殺出一條生路	-5.74707439	sandhi
ㄕㄚ-ㄧˋ-ㄐㄧㄥˇ-ㄅㄞˇ	殺一儆百	-6.60980192	sandhi
ㄕㄚ-ㄧˋ-ㄐㄧㄥˇ-ㄅㄞˇ	殺一警百	-6.60980192	sandhi
ㄕㄜˇ-ㄅㄨˋ-ㄒㄧㄚˋ	捨不下	-6.43910569	sandhi
ㄕㄜˊ-ㄕㄨˇ-ㄧ-ㄨㄛ	蛇鼠一窩	-6.30877192	sandhi
ㄕㄜˋ-ㄅㄨˋ-ㄉㄠˋ	射不到	-7.04116568	sandhi
ㄕㄠ-ㄉㄥˇ-ㄧ-ㄒㄧㄚˋ	稍等一下	-5.53062067	sandhi
ㄕㄠˇ-ㄧˋ-ㄉㄧㄢˇ	少一點	-5.29297765	sandhi
ㄕㄡˇ-ㄔㄥˊ-ㄅㄨˋ-ㄅㄧㄢˋ	守成不變	-6.60980192	sandhi
ㄕㄡˇ-ㄔㄥˊ-ㄅㄨˋ-ㄧˋ	守成不易	-5.83165067	sandhi
ㄕㄡˋ-ㄩㄥˋ-ㄅㄨˋ-ㄐㄧㄣˋ	受用不盡	-5.60980192	sandhi
ㄕㄢˇ-ㄕㄨㄛˋ-ㄅㄨˋ-ㄉㄧㄥˋ	閃爍不定	-6.60980192	sandhi
ㄕㄣ-ㄅㄨˋ-ㄏㄞˋ	申不害	-6.74013569	sandhi
ㄕㄣ-ㄊㄧˇ-ㄅㄨˋ-ㄕˋ	身體不適	-5.30877192	sandhi
ㄕㄣ-ㄍㄢˇ-ㄅㄨˋ-ㄅㄧㄢˋ	深感不便	-6.60980192	sandhi
ㄕㄣ-ㄔㄣˊ-ㄅㄨˋ-ㄌㄡˋ	深沈不露	-6.60980192	sandhi
ㄕㄣ-ㄔㄣˊ-ㄅㄨˋ-ㄌㄡˋ	深沉不露	-6.60980192	sandhi
ㄕㄣˊ-ㄏㄨㄣˊ-ㄅㄨˋ-ㄉㄧㄥˋ	神魂不定	-6.30877192	sandhi
ㄕㄣˊ-ㄙ-ㄅㄨˋ-ㄉㄧㄥˋ	神思不定	-6.60980192	sandhi
ㄕㄤˋ-ㄌㄧㄤˊ-ㄅㄨˋ-ㄓㄥˋ	上樑不正	-6.60980192	sandhi
ㄕㄤˋ-ㄧˋ-ㄔㄤˇ	上一場	-5.62619233	sandhi
ㄕㄤˋ-ㄧˋ-ㄘㄥˊ	上一層	-5.24877399	sandhi
ㄕㄥ-ㄅㄨˋ-ㄉㄞˋ-ㄌㄞˊ	生不帶來	-6.30877192	sandhi
ㄕㄥ-ㄍㄜ-ㄅㄨˋ-ㄔㄨㄛˋ	笙歌不輟	-6.60980192	sandhi
ㄕㄥ-ㄕㄥ-ㄅㄨˋ-ㄧㄡˋ	生生不祐	-6.60980192	sandhi
ㄕㄥ-ㄙˇ-ㄅㄨˋ-ㄌㄨㄣˋ	生死不論	-6.60980192	sandhi
ㄕㄨ-ㄅㄨˋ-ㄐㄧㄣˋ	書不盡	-7.04116568	sandhi
ㄕㄨ-ㄕㄨˇ-ㄅㄨˋ-ㄧˋ	殊屬不易	-6.60980192	sandhi
ㄕㄨ-ㄦˊ-ㄅㄨˋ-ㄌㄡˋ	疏而不漏	-6.30877192	sandhi
ㄕㄨ-ㄧ-ㄈㄣ	輸一分	-6.43910569	sandhi
ㄕㄨˇ-ㄅㄨˋ-ㄉㄠˋ	數不到	-6.13807569	sandhi
ㄕㄨˇ-ㄅㄨˋ-ㄐㄧㄣˋ	數不盡	-5.59400765	sandhi
ㄕㄨˋ-ㄅㄨˋ-ㄈㄥˋ-ㄆㄟˊ	恕不奉陪	-6.60980192	sandhi
ㄕㄨˋ-ㄕˊ-ㄋㄧㄢˊ-ㄖㄨˊ-ㄧˊ-ㄖˋ	數十年如一日	-5.74707439	sandhi
ㄕㄨㄛ-ㄅㄨˋ-ㄉㄧㄥˋ	說不定	-4.38602725	sandhi
ㄕㄨㄛ-ㄅㄨˋ-ㄒㄧㄚˋ-ㄑㄩˋ	說不下去	-6.60980192	sandhi
ㄕㄨㄛ-ㄅㄨˋ-ㄕㄤˋ	說不上	-5.37840785	sandhi
ㄕㄨㄛ-ㄅㄨˋ-ㄕㄤˋ-ㄌㄞˊ	說不上來	-5.26737924	sandhi
ㄕㄨㄛ-ㄏㄨㄚˋ-ㄅㄨˋ-ㄙㄨㄢˋ-ㄏㄨㄚˋ	說話不算話	-6.17843815	sandhi
ㄕㄨㄛ-ㄧ-ㄅㄨˋ-ㄦˋ	說一不二	-6.60980192	sandhi
ㄕㄨㄛ-ㄧ-ㄊㄠˋ-ㄗㄨㄛˋ-ㄧ-ㄊㄠˋ	說一套做一套	-5.44604439	sandhi
ㄕㄨㄛ-ㄧˊ-ㄅㄨˊ-ㄦˋ	說一不二	-6.60980192	sandhi
ㄕㄨㄛ-ㄧˊ-ㄕˋ-ㄧ	說一是一	-6.30877192	sandhi
ㄕㄨㄣˋ-ㄉㄠˋ-ㄧˋ-ㄊㄧˊ	順道一提	-5.46367388	sandhi
ㄖㄣˇ-ㄅㄨˋ-ㄓㄨˋ	忍不住	-4.28681734	sandhi
ㄖㄣˊ-ㄅㄨˋ-ㄈㄢˋ-ㄨㄛˇ	人不犯我	-6.60980192	sandhi
ㄖㄣˊ-ㄅㄨˋ-ㄒㄧㄤˋ-ㄖㄣˊ	人不像人	-6.30877192	sandhi
ㄖㄣˊ-ㄧˋ-ㄐㄧˇ-ㄅㄞˇ	人一己百	-6.60980192	sandhi
ㄖㄣˋ-ㄆㄧㄠˋ-ㄅㄨˋ-ㄖㄣˋ-ㄖㄣˊ	認票不認人	-6.17843815	sandhi
ㄖㄨˇ-ㄊㄤˊ-ㄅㄨˋ-ㄋㄞˋ-ㄓㄥˋ	乳糖不耐症	-5.57637816	sandhi
ㄖㄨㄛˋ-ㄅㄨˋ-ㄕˋ	若不是	-5.69874300	sandhi
ㄗˋ-ㄅㄨˋ-ㄉㄞˋ-ㄧㄢˊ	自不待言	-5.83165067	sandhi
ㄗˋ-ㄅㄨˋ-ㄌㄧㄤˋ-ㄌㄧˋ	自不量力	-6.00774193	sandhi
ㄗㄜˇ-ㄅㄨˋ-ㄏㄨㄟˋ	怎不會	-7.04116568	sandhi
ㄗㄜˇ-ㄅㄨˋ-ㄕˋ	怎不是	-7.04116568	sandhi
ㄗㄞˋ-ㄅㄨˋ-ㄉㄠˋ	再不到	-7.04116568	sandhi
ㄗㄞˋ-ㄉㄨㄛ-ㄧˋ-ㄉㄧㄢˇ-ㄉㄧㄢˇ	再多一點點	-5.87740816	sandhi
ㄗㄞˋ-ㄕㄨㄟˇ-ㄧ-ㄈㄤ	在水一方	-6.30877192	sandhi
ㄗㄞˋ-ㄧˊ-ㄎㄨㄞˋ	在一塊	-5.10666723	sandhi
ㄗㄞˋ-ㄧㄝˇ-ㄅㄨˋ-ㄏㄨㄟˋ	再也不會	-5.53062067	sandhi
ㄗㄞˋ-ㄧㄝˇ-ㄅㄨˋ-ㄕˋ	再也不是	-5.83165067	sandhi
ㄗㄡˇ-ㄅㄨˋ-ㄉㄠˋ	走不到	-6.04116568	sandhi
ㄗㄡˇ-ㄅㄨˋ-ㄉㄨㄥˋ	走不動	-5.62619233	sandhi
ㄗㄡˇ-ㄧˊ-ㄅㄨˋ-ㄙㄨㄢˋ-ㄧˊ-ㄅㄨˋ	走一步算一步	-5.44604439	sandhi
ㄗㄣˇ-ㄅㄨˋ-ㄏㄨㄟˋ	怎不會	-7.04116568	sandhi
ㄗㄣˇ-ㄅㄨˋ-ㄕˋ	怎不是	-7.04116568	sandhi
ㄗㄨㄛˋ-ㄅㄨˋ-ㄉㄠˋ	做不到	-4.98426083	sandhi
ㄗㄨㄛˋ-ㄅㄨˋ-ㄓㄨˋ	坐不住	-5.53601570	sandhi
ㄗㄨㄛˋ-ㄧˋ-ㄏㄤˊ-ㄩㄢˋ-ㄧˋ-ㄏㄤˊ	做一行怨一行	-5.74707439	sandhi
ㄗㄨㄟˋ-ㄅㄨˋ-ㄏㄨㄟˋ	最不會	-5.96198443	sandhi
ㄗㄨㄥˇ-ㄍㄨㄟ-ㄧ-ㄐㄩˋ	總歸一句	-5.70671193	sandhi
ㄗㄨㄥˇ-ㄍㄨㄟ-ㄧ-ㄐㄩˋ-ㄏㄨㄚˋ	總歸一句話	-5.27534817	sandhi
ㄘˇ-ㄧˋ-ㄕˊ	此一時	-6.13807569	sandhi
ㄘˇ-ㄧˋ-ㄕˊ-ㄅㄧˇ-ㄧˋ-ㄕˊ	此一時彼一時	-5.74707439	sandhi
ㄘㄞ-ㄅㄨˋ-ㄊㄡˋ	猜不透	-6.13807569	sandhi
ㄘㄞˊ-ㄅㄨˋ-ㄏㄨㄟˋ	才不會	-4.77165274	sandhi
ㄘㄞˊ-ㄅㄨˋ-ㄕˋ	才不是	-5.89503765	sandhi
ㄘㄡˋ-ㄗㄞˋ-ㄧˋ-ㄑㄧˇ	湊在一起	-5.70671193	sandhi
ㄘㄢˊ-ㄦˊ-ㄅㄨˋ-ㄈㄟˋ	殘而不廢	-5.40568193	sandhi
ㄘㄤˊ-ㄅㄨˋ-ㄓㄨˋ	藏不住	-6.74013569	sandhi
ㄘㄨㄛˋ-ㄘˊ-ㄅㄨˋ-ㄉㄤˋ	措詞不當	-6.60980192	sandhi
ㄘㄨㄛˋ-ㄘˊ-ㄅㄨˋ-ㄉㄤˋ	措辭不當	-6.60980192	sandhi
ㄘㄨㄣˋ-ㄅㄨˋ-ㄅㄨˋ-ㄖㄤˋ	寸步不讓	-6.60980192	sandhi
ㄘㄨㄣˋ-ㄙ-ㄅㄨˋ-ㄍㄨㄚˋ	寸絲不掛	-6.60980192	sandhi
ㄘㄨㄥ-ㄅㄠˋ-ㄊㄧㄢˊ-ㄅㄨˋ-ㄌㄚˋ	蔥爆甜不辣	-6.17843815	sandhi
ㄘㄨㄥ-ㄇㄧㄥˊ-ㄧˊ-ㄕˋ	聰明一世	-6.30877192	sandhi
ㄘㄨㄥˊ-ㄅㄨˋ-ㄗㄞˋ	從不在	-7.04116568	sandhi
ㄙˇ-ㄅㄨˋ-ㄉㄞˋ-ㄑㄩˋ	死不帶去	-6.30877192	sandhi
ㄙˇ-ㄅㄨˋ-ㄖㄣˋ-ㄘㄨㄛˋ	死不認錯	-5.70671193	sandhi
ㄙˇ-ㄅㄨˋ-ㄧㄠˋ-ㄌㄧㄢˇ	死不要臉	-6.60980192	sandhi
ㄙˇ-ㄔㄢˊ-ㄅㄨˋ-ㄈㄤˋ	死纏不放	-6.60980192	sandhi
ㄙˇ-ㄕㄤ-ㄅㄨˋ-ㄐㄧˋ	死傷不計	-6.60980192	sandhi
ㄙˇ-ㄕㄤ-ㄅㄨˋ-ㄐㄧˋ-ㄑㄧˊ-ㄕㄨˋ	死傷不計其數	-5.74707439	sandhi
ㄙˋ-ㄅㄨˋ-ㄒㄧㄤˋ	四不像	-5.83704570	sandhi
ㄙㄢ-ㄅㄨˊ-ㄓㄥˋ-ㄘㄜˋ	三不政策	-5.10465194	sandhi
ㄙㄢ-ㄘㄢ-ㄅㄨˋ-ㄐㄧˋ	三餐不繼	-5.60980192	sandhi
ㄙㄢ-ㄘㄨㄣˋ-ㄅㄨˋ-ㄌㄢˋ	三寸不爛	-5.60980192	sandhi
ㄙㄨㄛˇ-ㄅㄨˋ-ㄓㄨˋ	鎖不住	-7.04116568	sandhi
ㄙㄨㄢˋ-ㄅㄨˋ-ㄕㄤˋ	算不上	-5.66095444	sandhi
ㄙㄨㄥ-ㄧˋ-ㄎㄡˇ-ㄑㄧˋ	鬆一口氣	-5.83165067	sandhi
ㄞˇ-ㄖㄣˊ-ㄧˋ-ㄐㄧㄝˊ	矮人一截	-6.30877192	sandhi
ㄞˋ-ㄅㄨˋ-ㄕˋ-ㄕㄡˇ	愛不釋手	-5.19482857	sandhi
ㄠˊ-ㄅㄨˋ-ㄓㄨˋ	熬不住	-6.13807569	sandhi
ㄡˇ-ㄧˋ-ㄨㄟˊ-ㄓ	偶一為之	-5.70671193	sandhi
ㄢˋ-ㄓㄨˋ-ㄅㄨˋ-ㄈㄤˋ	按住不放	-6.60980192	sandhi
ㄢˋ-ㄧㄚ-ㄅㄨˋ-ㄓㄨˋ	按壓不住	-6.60980192	sandhi
ㄦˊ-ㄅㄨˋ-ㄏㄨㄟˋ	而不會	-5.30877192	sandhi
ㄦˊ-ㄅㄨˋ-ㄕˋ	而不是	-4.03256551	sandhi
ㄧ-ㄅㄞˊ-ㄓㄜ-ㄙㄢ-ㄔㄡˇ	一白遮三醜	-5.57637816	sandhi
ㄧ-ㄅㄠˋ-ㄏㄨㄢˊ-ㄧ-ㄅㄠˋ	一報還一報	-5.57637816	sandhi
ㄧ-ㄅㄧˊ-ㄎㄨㄥˇ-ㄔㄨ-ㄑㄧˋ	一鼻孔出氣	-5.87740816	sandhi
ㄧ-ㄅㄨˋ-ㄅㄧˋ-ㄊㄧˇ	衣不蔽體	-6.30877192	sandhi
ㄧ-ㄆㄧㄢˋ-ㄑㄩˋ-ㄏㄟ	一片漆黑	-5.53062067	sandhi
ㄧ-ㄆㄧㄣˊ-ㄧ-ㄒㄧㄠˋ	一顰一笑	-6.30877192	sandhi
ㄧ-ㄈㄢ-ㄌㄧㄤˇ-ㄉㄥˋ-ㄧㄢˇ	一翻兩瞪眼	-5.57637816	sandhi
ㄧ-ㄈㄣ-ㄑㄧㄢˊ-ㄧ-ㄈㄣ-ㄏㄨㄛˋ	一分錢一分貨	-5.44604439	sandhi
ㄧ-ㄈㄣˋ	一分	-4.86830339	sandhi
ㄧ-ㄉㄧㄝˊ-ㄅㄨˊ-ㄓㄣˋ	一跌不振	-6.60980192	sandhi
ㄧ-ㄉㄧㄢˇ-ㄧ-ㄉㄧ	一點一滴	-4.66531924	sandhi
ㄧ-ㄉㄧㄥˋ-ㄧㄠˋ	一定要	-3.78396725	sandhi
ㄧ-ㄉㄨㄥˋ-ㄅㄨˋ-ㄉㄨㄥˋ	一動不動	-5.60980192	sandhi
ㄧ-ㄊㄚˋ-ㄏㄨˊ-ㄊㄨˊ	一塌糊塗	-5.30877192	sandhi
ㄧ-ㄋㄧㄢˊ-ㄧ-ㄉㄨˋ	一年一度	-4.43954020	sandhi
ㄧ-ㄌㄡˇ-ㄌㄡˇ	一簍簍	-6.74013569	sandhi
ㄧ-ㄍㄜ˙-ㄅㄢˋ	一個半	-5.17193396	sandhi
ㄧ-ㄍㄜ˙-ㄊㄡˊ-ㄌㄧㄤˇ-ㄍㄜ˙-ㄉㄚˋ	一個頭兩個大	-5.14501440	sandhi
ㄧ-ㄍㄤ-ㄧ-ㄅㄣˇ	一綱一本	-6.30877192	sandhi
ㄧ-ㄎㄞ-ㄕˇ	一開始	-4.00135513	sandhi
ㄧ-ㄏㄨㄟˊ-ㄕㄥ-ㄌㄧㄤˇ-ㄏㄨㄟˊ-ㄕㄡˊ	一回生兩回熟	-5.44604439	sandhi
ㄧ-ㄏㄨㄟˊ-ㄕㄥ-ㄦˋ-ㄏㄨㄟˊ-ㄕㄡˊ	一回生二回熟	-5.44604439	sandhi
ㄧ-ㄐㄧㄠˋ-ㄕㄨㄟˋ-ㄉㄠˋ-ㄊㄧㄢ-ㄌㄧㄤˋ	一覺睡到天亮	-5.44604439	sandhi
ㄧ-ㄐㄩˇ-ㄧ-ㄉㄨㄥˋ	一舉一動	-4.80362194	sandhi
ㄧ-ㄑㄩˋ-ㄅㄨˋ-ㄈㄨˋ-ㄈㄢˇ	一去不復返	-5.57637816	sandhi
ㄧ-ㄓㄠ-ㄅㄟˋ-ㄕㄜˊ-ㄧㄠˇ	一朝被蛇咬	-5.87740816	sandhi
ㄧ-ㄔㄡˊ-ㄅㄨˊ-ㄏㄨㄚˋ	一籌不畫	-6.60980192	sandhi
ㄧ-ㄔㄣˊ-ㄅㄨˊ-ㄉㄠˋ	一塵不到	-6.60980192	sandhi
ㄧ-ㄔㄣˊ-ㄅㄨˊ-ㄕㄜˋ	一塵不涉	-6.60980192	sandhi
ㄧ-ㄔㄣˊ-ㄅㄨˊ-ㄕㄡˋ	一塵不受	-6.60980192	sandhi
ㄧ-ㄔㄥˊ-ㄅㄨˊ-ㄧˋ	一成不易	-6.60980192	sandhi
ㄧ-ㄕˊ-ㄩˊ-ㄌㄧㄤˋ	一時瑜亮	-6.30877192	sandhi
ㄧ-ㄕㄥ-ㄕㄡˋ-ㄩㄥˋ-ㄅㄨˋ-ㄐㄧㄣˋ	一生受用不盡	-5.44604439	sandhi
ㄧ-ㄗˋ-ㄅㄨˋ-ㄌㄡˋ	一字不漏	-6.60980192	sandhi
ㄧ-ㄗˋ-ㄅㄨˋ-ㄕˋ	一字不識	-5.70671193	sandhi
ㄧ-ㄙ-ㄅㄨˋ-ㄍㄨㄚˋ	一絲不掛	-5.35452941	sandhi
ㄧ-ㄧㄠˋ	一躍	-6.02537141	sandhi
ㄧ-ㄧㄠˋ-ㄌㄨㄥˊ-ㄇㄣˊ	一躍龍門	-6.60980192	sandhi
ㄧ-ㄧㄢˊ-ㄧˇ-ㄅㄧˋ-ㄓ	一言以蔽之	-4.87740816	sandhi
ㄧ-ㄨㄣˋ-ㄙㄢ-ㄅㄨˋ-ㄓ	一問三不知	-5.40028690	sandhi
ㄧ-ㄩㄝˋ	一躍	-6.02537141	sandhi
ㄧ-ㄩㄝˋ-ㄌㄨㄥˊ-ㄇㄣˊ	一躍龍門	-6.60980192	sandhi
ㄧˇ-ㄅㄨˋ-ㄅㄧㄢˋ-ㄧㄥˋ-ㄨㄢˋ-ㄅㄧㄢˋ	以不變應萬變	-5.74707439	sandhi
ㄧˊ-ㄅㄟˋ	一臂	-6.02537141	sandhi
ㄧˊ-ㄅㄟˋ-ㄓ-ㄌㄧˋ	一臂之力	-5.16264389	sandhi
ㄧˊ-ㄅㄧˋ	一臂	-6.02537141	sandhi
ㄧˊ-ㄅㄧˋ-ㄓ-ㄌㄧˋ	一臂之力	-5.16264389	sandhi
ㄧˊ-ㄅㄧˋ-ㄖㄨˊ-ㄒㄧˇ	一碧如洗	-6.30877192	sandhi
ㄧˊ-ㄅㄧㄥˋ-ㄔㄨˇ-ㄌㄧˇ	一併處理	-5.46367388	sandhi
ㄧˊ-ㄅㄨˊ-ㄗㄨㄛˋ-ㄦˋ-ㄅㄨˋ-ㄒㄧㄡ	一不做二不休	-5.14501440	sandhi
ㄧˊ-ㄅㄨˋ-ㄈㄣˋ	一部份	-4.77634786	sandhi
ㄧˊ-ㄅㄨˋ-ㄗㄨㄛˋ-ㄦˋ-ㄅㄨˋ-ㄒㄧㄡ	一不做二不休	-5.14501440	sandhi
ㄧˊ-ㄇㄟˋ	一昧	-5.99540819	sandhi
ㄧˊ-ㄈㄢˋ-ㄧˋ-ㄓㄨㄛˊ	一飯一啄	-6.60980192	sandhi
ㄧˊ-ㄉㄚˋ-ㄅㄢˋ	一大半	-5.48486318	sandhi
ㄧˊ-ㄉㄨㄟˋ-ㄧ	一對一	-5.41791639	sandhi
ㄧˊ-ㄌㄧㄡˋ-ㄧㄢ	一溜煙	-5.96198443	sandhi
ㄧˊ-ㄍㄜˋ-ㄅㄢˋ	一個半	-5.17193396	sandhi
ㄧˊ-ㄍㄜˋ-ㄒㄧㄠˇ-ㄕˊ-ㄏㄡˋ	一個小時後	-5.40028690	sandhi
ㄧˊ-ㄍㄜˋ-ㄓㄨㄥ-ㄍㄨㄛˊ-ㄓㄥˋ-ㄘㄜˋ	一個中國政策	-4.54295441	sandhi
ㄧˊ-ㄍㄜ˙-ㄅㄧˊ-ㄎㄨㄥˇ-ㄔㄨ-ㄑㄧˋ	一個鼻孔出氣	-5.44604439	sandhi
ㄧˊ-ㄍㄜ˙-ㄅㄨˋ-ㄒㄧㄠˇ-ㄒㄧㄣ	一個不小心	-5.27534817	sandhi
ㄧˊ-ㄍㄜ˙-ㄐㄧㄝ-ㄧˊ-ㄍㄜ˙	一個接一個	-4.97431817	sandhi
ㄧˊ-ㄍㄜ˙-ㄒㄧㄠˇ-ㄕˊ	一個小時	-4.34498409	sandhi
ㄧˊ-ㄍㄜ˙-ㄒㄧㄠˇ-ㄕˊ-ㄏㄡˋ	一個小時後	-5.40028690	sandhi
ㄧˊ-ㄍㄜ˙-ㄖㄣˊ-ㄓㄨˋ	一個人住	-5.40568193	sandhi
ㄧˊ-ㄍㄜ˙-ㄗˋ	一個字	-4.71075191	sandhi
ㄧˊ-ㄏㄨㄤˋ	一晃	-6.13010676	sandhi
ㄧˊ-ㄏㄨㄤˋ-ㄦˊ-ㄍㄨㄛˋ	一晃而過	-6.60980192	sandhi
ㄧˊ-ㄏㄨㄤˋ-ㄧㄢˇ	一晃眼	-6.04116568	sandhi
ㄧˊ-ㄐㄧˋ-ㄗㄞˋ-ㄕㄣ	一技在身	-6.30877192	sandhi
ㄧˊ-ㄐㄧㄠˋ-ㄒㄧㄥˇ-ㄌㄞˊ	一覺醒來	-5.40568193	sandhi
ㄧˊ-ㄐㄧㄣˋ-ㄇㄧㄢˊ-ㄅㄛˊ	一盡棉薄	-6.30877192	sandhi
ㄧˊ-ㄑㄩㄢˋ	一券	-6.69437819	sandhi
ㄧˊ-ㄒㄧㄚˋ-ㄗ˙-ㄓㄨㄢˇ-ㄌㄧㄤˊ	一下子轉涼	-5.87740816	sandhi
ㄧˊ-ㄓㄢˋ-ㄔㄥˊ-ㄇㄧㄥˊ	一戰成名	-5.83165067	sandhi
ㄧˊ-ㄓㄣˋ-ㄑㄧㄥ-ㄧˊ-ㄓㄣˋ-ㄅㄞˊ	一陣青一陣白	-5.44604439	sandhi
ㄧˊ-ㄓㄥˋ-ㄧˊ-ㄈㄨˋ	一正一負	-6.60980192	sandhi
ㄧˊ-ㄔㄤˋ-ㄧˊ-ㄏㄜˋ	一唱一和	-6.60980192	sandhi
ㄧˊ-ㄖㄣˊ-ㄅㄨˋ-ㄩㄥˋ	疑人不用	-6.60980192	sandhi
ㄧˊ-ㄗˋ-ㄧˊ-ㄐㄩˋ	一字一句	-5.70671193	sandhi
ㄧˊ-ㄘㄨˋ-ㄦˊ-ㄐㄧ	一蹴而幾	-6.30877192	sandhi
ㄧˊ-ㄘㄨㄛˋ	一撮	-6.47252944	sandhi
ㄧˊ-ㄧㄝˋ-ㄌㄢˊ	一葉蘭	-5.83704570	sandhi
ㄧˊ-ㄨㄟˋ-ㄕㄨˋ	一位數	-6.26301443	sandhi
ㄧˊ-ㄨㄣˋ-ㄧˋ-ㄉㄚˊ	一問一答	-6.60980192	sandhi
ㄧˊ-ㄩㄝˋ-ㄦˊ-ㄒㄧㄚˋ	一躍而下	-6.00774193	sandhi
ㄧˋ-ㄅㄛˊ-ㄦˋ-ㄕˊ	一泊二食	-6.30877192	sandhi
ㄧˋ-ㄅㄟ-ㄐㄧㄡˇ	一杯酒	-6.26301443	sandhi
ㄧˋ-ㄅㄧˇ-ㄅㄨˋ-ㄍㄡˇ	一筆不苟	-6.30877192	sandhi
ㄧˋ-ㄅㄧㄥ-ㄧˋ-ㄗㄨˊ	一兵一卒	-6.30877192	sandhi
ㄧˋ-ㄅㄧㄥˇ-ㄔㄨ-ㄓㄨㄥ	一秉初衷	-6.30877192	sandhi
ㄧˋ-ㄆㄡˊ-ㄏㄨㄤˊ-ㄊㄨˇ	一抔黃土	-6.60980192	sandhi
ㄧˋ-ㄇㄞˇ-ㄧˊ-ㄇㄞˋ	一買一賣	-6.60980192	sandhi
ㄧˋ-ㄇㄣˊ-ㄎㄜˋ	一門課	-5.83704570	sandhi
ㄧˋ-ㄈㄣ-ㄗˇ	一分子	-6.26301443	sandhi
ㄧˋ-ㄈㄣ-ㄧˋ-ㄇㄧㄠˇ	一分一秒	-5.70671193	sandhi
ㄧˋ-ㄈㄤˊ-ㄧˋ-ㄊㄧㄥ	一房一廳	-6.60980192	sandhi
ㄧˋ-ㄈㄨ-ㄉㄨㄛ-ㄑㄧ-ㄓˋ	一夫多妻制	-5.87740816	sandhi
ㄧˋ-ㄈㄨ-ㄧˋ-ㄑㄧ	一夫一妻	-5.70671193	sandhi
ㄧˋ-ㄈㄨ-ㄧˋ-ㄑㄧ-ㄓˋ	一夫一妻制	-5.27534817	sandhi
ㄧˋ-ㄉㄚ-ㄧˊ-ㄔㄤˋ	一搭一唱	-5.53062067	sandhi
ㄧˋ-ㄉㄚˇ	一打	-5.54825016	sandhi
ㄧˋ-ㄉㄚˊ	一打	-5.54825016	sandhi
ㄧˋ-ㄉㄜˊ-ㄧˋ-ㄒㄧㄣ	一德一心	-6.60980192	sandhi
ㄧˋ-ㄉㄤˇ-ㄉㄨˊ-ㄘㄞˊ	一黨獨裁	-6.60980192	sandhi
ㄧˋ-ㄉㄤˇ-ㄓㄨㄢ-ㄓˋ	一黨專制	-6.30877192	sandhi
ㄧˋ-ㄉㄤˇ-ㄓㄨㄢ-ㄓㄥˋ	一黨專政	-5.70671193	sandhi
ㄧˋ-ㄉㄧㄝˊ-ㄅㄨˋ-ㄓㄣˋ	一跌不振	-6.60980192	sandhi
ㄧˋ-ㄉㄧㄢˇ-ㄋㄧˇ-ㄉㄥ-ㄜˊ	一點擬燈蛾	-5.87740816	sandhi
ㄧˋ-ㄉㄧㄢˇ-ㄌㄧㄥˊ	一點靈	-6.43910569	sandhi
ㄧˋ-ㄉㄧㄥ-ㄉㄧㄢˇ-ㄦˊ	一丁點兒	-5.83165067	sandhi
ㄧˋ-ㄉㄨˇ-ㄨㄟˊ-ㄎㄨㄞˋ	一睹為快	-6.30877192	sandhi
ㄧˋ-ㄊㄚ-ㄏㄨˊ-ㄊㄨˊ	一塌糊塗	-5.30877192	sandhi
ㄧˋ-ㄊㄧˇ-ㄔㄥˊ-ㄒㄧㄥˊ	一體成型	-6.00774193	sandhi
ㄧˋ-ㄊㄧㄠˊ-ㄔㄨㄢˊ	一條船	-6.13807569	sandhi
ㄧˋ-ㄋㄢˊ-ㄧˋ-ㄋㄩˇ	一男一女	-5.53062067	sandhi
ㄧˋ-ㄋㄧㄢˊ-ㄑㄧˊ	一年期	-5.74013569	sandhi
ㄧˋ-ㄋㄩˇ-ㄧˋ-ㄋㄢˊ	一女一男	-6.60980192	sandhi
ㄧˋ-ㄌㄞˊ-ㄧˋ-ㄨㄤˇ	一來一往	-5.40568193	sandhi
ㄧˋ-ㄌㄧˋ-ㄅㄨˋ-ㄉㄨㄥˋ	屹立不動	-5.70671193	sandhi
ㄧˋ-ㄌㄧㄠˋ-ㄅㄨˋ-ㄉㄠˋ	意料不到	-6.00774193	sandhi
ㄧˋ-ㄌㄧㄡ-ㄧㄢ	一溜煙	-5.96198443	sandhi
ㄧˋ-ㄌㄧㄢˊ-ㄧㄡ-ㄇㄥˋ	一簾幽夢	-6.60980192	sandhi
ㄧˋ-ㄍㄠˇ-ㄉㄨㄛ-ㄊㄡˊ	一稿多投	-6.30877192	sandhi
ㄧˋ-ㄍㄨ-ㄌㄨˋ	一骨碌	-6.26301443	sandhi
ㄧˋ-ㄍㄨˇ-ㄋㄠˇ	一古腦	-6.43910569	sandhi
ㄧˋ-ㄍㄨˇ-ㄌㄨˋ	一骨碌	-6.26301443	sandhi
ㄧˋ-ㄍㄨˊ-ㄌㄨ˙	一骨碌	-6.26301443	sandhi
ㄧˋ-ㄍㄨㄛˊ-ㄌㄧㄤˇ-ㄈㄨˇ	一國兩府	-6.30877192	sandhi
ㄧˋ-ㄍㄨㄢ-ㄍㄨㄢ	一關關	-6.43910569	sandhi
ㄧˋ-ㄎㄡˇ-ㄧˋ-ㄧㄢˊ	異口一言	-6.60980192	sandhi
ㄧˋ-ㄏㄨㄟ-ㄔㄨ-ㄕㄡˇ	一麾出守	-6.60980192	sandhi
ㄧˋ-ㄏㄨㄤˇ	一晃	-6.13010676	sandhi
ㄧˋ-ㄏㄨㄤˇ-ㄦˊ-ㄍㄨㄛˋ	一晃而過	-6.60980192	sandhi
ㄧˋ-ㄏㄨㄤˇ-ㄧㄢˇ	一晃眼	-6.04116568	sandhi
ㄧˋ-ㄐㄧˊ-ㄅㄧˋ-ㄕㄚ	一擊必殺	-6.60980192	sandhi
ㄧˋ-ㄐㄧㄚ-ㄌㄠˇ-ㄒㄧㄠˇ	一家老小	-6.00774193	sandhi
ㄧˋ-ㄐㄧㄠˇ-ㄔㄨㄞˋ-ㄎㄞ	一腳踹開	-6.60980192	sandhi
ㄧˋ-ㄐㄩˇ-ㄕㄡˇ-ㄧˋ-ㄊㄡˊ-ㄗㄨˊ	一舉手一投足	-5.44604439	sandhi
ㄧˋ-ㄐㄩㄝˊ-ㄅㄨˋ-ㄓㄣˋ	一蹶不振	-5.46367388	sandhi
ㄧˋ-ㄐㄩㄢˇ	一捲	-6.17149945	sandhi
ㄧˋ-ㄑㄧㄢˊ-ㄅㄨˋ-ㄓˊ	一錢不直	-6.60980192	sandhi
ㄧˋ-ㄑㄧㄢˊ-ㄧˊ-ㄏㄡˋ	一前一後	-5.70671193	sandhi
ㄧˋ-ㄑㄩㄝˊ-ㄧˋ-ㄍㄨㄞˇ	一瘸一拐	-5.70671193	sandhi
ㄧˋ-ㄒㄧㄝ-ㄕˋ	一些事	-4.88887734	sandhi
ㄧˋ-ㄒㄧㄠˇ-ㄕˊ-ㄏㄡˋ	一小時後	-6.00774193	sandhi
ㄧˋ-ㄒㄧㄤˇ-ㄅㄨˋ-ㄉㄠˋ	意想不到	-4.66531924	sandhi
ㄧˋ-ㄓ-ㄐㄧ	一隻雞	-6.74013569	sandhi
ㄧˋ-ㄓ-ㄓㄨ	一隻豬	-6.04116568	sandhi
ㄧˋ-ㄓˊ-ㄗㄡˇ	一直走	-5.53601570	sandhi
ㄧˋ-ㄓㄡ-ㄧˊ-ㄈㄢˋ	一粥一飯	-6.60980192	sandhi
ㄧˋ-ㄓㄨㄥ-ㄧˋ-ㄊㄞˊ	一中一台	-5.40568193	sandhi
ㄧˋ-ㄔㄡˊ-ㄅㄨˋ-ㄏㄨㄚˋ	一籌不畫	-6.60980192	sandhi
ㄧˋ-ㄔㄣˊ-ㄅㄨˋ-ㄉㄠˋ	一塵不到	-6.60980192	sandhi
ㄧˋ-ㄔㄣˊ-ㄅㄨˋ-ㄕㄜˋ	一塵不涉	-6.60980192	sandhi
ㄧˋ-ㄔㄣˊ-ㄅㄨˋ-ㄕㄡˋ	一塵不受	-6.60980192	sandhi
ㄧˋ-ㄔㄤˇ	一場	-4.20771162	sandhi
ㄧˋ-ㄔㄤˇ-ㄎㄨㄥ	一場空	-6.74013569	sandhi
ㄧˋ-ㄔㄤˇ-ㄔㄨㄣ-ㄇㄥˋ	一場春夢	-6.60980192	sandhi
ㄧˋ-ㄔㄤˊ-ㄙㄨˋ-ㄩㄢˋ	一償宿願	-6.00774193	sandhi
ㄧˋ-ㄔㄤˊ-ㄧˋ-ㄉㄨㄢˇ	一長一短	-6.60980192	sandhi
ㄧˋ-ㄔㄥˊ-ㄅㄨˋ-ㄅㄧㄢˋ	一成不變	-4.89379857	sandhi
ㄧˋ-ㄔㄥˊ-ㄅㄨˋ-ㄧˋ	一成不易	-6.60980192	sandhi
ㄧˋ-ㄔㄨㄢˊ-ㄕˊ	一傳十	-6.13807569	sandhi
ㄧˋ-ㄔㄨㄢˊ-ㄕˊ-ㄕˊ-ㄔㄨㄢˊ-ㄅㄞˇ	一傳十十傳百	-5.44604439	sandhi
ㄧˋ-ㄔㄨㄤˊ	一幢	-5.94105053	sandhi
ㄧˋ-ㄔㄨㄤˊ-ㄋㄢˊ-ㄑㄧㄡˊ	一床難求	-6.30877192	sandhi
ㄧˋ-ㄕˊ-ㄅㄨˋ-ㄔㄚˊ	一時不察	-6.00774193	sandhi
ㄧˋ-ㄕˊ-ㄒㄧㄥˋ-ㄑㄧˇ	一時興起	-6.60980192	sandhi
ㄧˋ-ㄕˊ-ㄧˊ-ㄎㄜˋ	一時一刻	-6.60980192	sandhi
ㄧˋ-ㄕㄡˇ-ㄏㄠˇ-ㄍㄨˇ	一手好鼓	-6.30877192	sandhi
ㄧˋ-ㄕㄡˇ-ㄏㄠˇ-ㄑㄧㄣˊ	一手好琴	-6.30877192	sandhi
ㄧˋ-ㄕㄡˇ-ㄏㄠˇ-ㄕㄨ-ㄈㄚˇ	一手好書法	-5.87740816	sandhi
ㄧˋ-ㄕㄢ-ㄅㄨˋ-ㄖㄨㄥˊ-ㄦˋ-ㄏㄨˇ	一山不容二虎	-5.14501440	sandhi
ㄧˋ-ㄕㄢˇ-ㄧ-ㄕㄢˇ	一閃一閃	-5.26737924	sandhi
ㄧˋ-ㄕㄥ-ㄧˊ-ㄕˋ	一生一世	-6.00774193	sandhi
ㄧˋ-ㄖㄣˊ	一人	-4.71210696	sandhi
ㄧˋ-ㄖㄣˊ-ㄉㄜˊ-ㄉㄠˋ	一人得道	-6.60980192	sandhi
ㄧˋ-ㄖㄨˊ-ㄨㄤˇ-ㄔㄤˊ-ㄉㄧˋ	一如往常地	-5.27534817	sandhi
ㄧˋ-ㄗˇ-ㄧˋ-ㄋㄩˇ	一子一女	-6.30877192	sandhi
ㄧˋ-ㄗㄨㄛˇ-ㄧˊ-ㄧㄡˋ	一左一右	-6.30877192	sandhi
ㄧˋ-ㄘㄠˇ-ㄧˊ-ㄇㄨˋ	一草一木	-5.16264389	sandhi
ㄧˋ-ㄘㄨ-ㄧˊ-ㄒㄧˋ	一粗一細	-6.60980192	sandhi
ㄧˋ-ㄙ-ㄧˋ-ㄏㄠˊ	一絲一毫	-5.40568193	sandhi
ㄧˋ-ㄙˇ-ㄧˋ-ㄕㄤ	一死一傷	-6.30877192	sandhi
ㄧˋ-ㄦˊ-ㄕˊ	一而十	-6.74013569	sandhi
ㄧˋ-ㄦˊ-ㄗㄞˋ-ㄗㄞˋ-ㄦˊ-ㄙㄢ	一而再再而三	-4.84398440	sandhi
ㄧˋ-ㄧㄠˊ-ㄧˋ-ㄅㄞˇ	一搖一擺	-6.30877192	sandhi
ㄧˋ-ㄧㄢˊ-ㄧˋ-ㄒㄧㄥˊ	一言一行	-5.53062067	sandhi
ㄧˋ-ㄧㄣˇ-ㄧˋ-ㄓㄨㄛˊ	一飲一啄	-6.60980192	sandhi
ㄧˋ-ㄧㄤˊ-ㄓˇ	一陽指	-7.04116568	sandhi
ㄧˋ-ㄨㄢˇ-ㄈㄢˋ	一碗飯	-5.83704570	sandhi
ㄧˋ-ㄩˇ-ㄉㄠˋ-ㄐㄧㄣˋ	一語道盡	-6.30877192	sandhi
ㄧㄚ-ㄅㄨˋ-ㄓㄨˋ	壓不住	-6.26301443	sandhi
ㄧㄝˇ-ㄏㄨㄛˇ-ㄕㄠ-ㄅㄨˋ-ㄐㄧㄣˋ	野火燒不盡	-6.17843815	sandhi
ㄧㄝˋ-ㄅㄨˋ-ㄅㄧˋ-ㄏㄨˋ	夜不閉戶	-6.60980192	sandhi
ㄧㄠˇ-ㄓㄜ˙-ㄅㄨˋ-ㄈㄤˋ	咬著不放	-6.60980192	sandhi
ㄧㄠˇ-ㄓㄨˋ-ㄅㄨˋ-ㄈㄤˋ	咬住不放	-6.60980192	sandhi
ㄧㄠˊ-ㄅㄞˇ-ㄅㄨˋ-ㄉㄧㄥˋ	搖擺不定	-5.46367388	sandhi
ㄧㄠˊ-ㄌㄜ˙-ㄧ-ㄒㄧㄚˋ	搖了一下	-6.00774193	sandhi
ㄧㄠˊ-ㄕㄣ-ㄧ-ㄅㄧㄢˋ	搖身一變	-4.62753068	sandhi
ㄧㄠˋ-ㄅㄨˋ-ㄕˋ	要不是	-4.83165067	sandhi
ㄧㄠˋ-ㄅㄨˋ-ㄧㄠˋ	要不要	-4.00135513	sandhi
ㄧㄠˋ-ㄑㄧㄢˊ-ㄅㄨˋ-ㄧㄠˋ-ㄇㄧㄥˋ	要錢不要命	-6.17843815	sandhi
ㄧㄡ-ㄏㄨㄣˊ-ㄅㄨˋ-ㄙㄢˋ	幽魂不散	-6.60980192	sandhi
ㄧㄡˇ-ㄧˋ-ㄉㄚ-ㄇㄟˊ-ㄧˋ-ㄉㄚ	有一搭沒一搭	-4.66789314	sandhi
ㄧㄡˇ-ㄧˋ-ㄕㄨㄛ	有一說	-5.89503765	sandhi
ㄧㄡˇ-ㄧㄢˇ-ㄅㄨˋ-ㄕˋ	有眼不識	-5.83165067	sandhi
ㄧㄡˇ-ㄧㄢˇ-ㄅㄨˋ-ㄕˋ-ㄊㄞˋ-ㄕㄢ	有眼不識泰山	-5.14501440	sandhi
ㄧㄡˊ-ㄧˊ-ㄅㄨˋ-ㄉㄧㄥˋ	游移不定	-6.60980192	sandhi
ㄧㄢ-ㄖㄢˊ-ㄧ-ㄒㄧㄠˋ	嫣然一笑	-6.30877192	sandhi
ㄧㄢ-ㄧㄢ-ㄅㄨˋ-ㄓㄣˋ	奄奄不振	-6.60980192	sandhi
ㄧㄢˇ-ㄅㄨˋ-ㄓㄨˋ	掩不住	-5.78589318	sandhi
ㄧㄢˇ-ㄑㄧㄢˊ-ㄧ-ㄌㄧㄤˋ	眼前一亮	-6.30877192	sandhi
ㄧㄢˇ-ㄘㄤˊ-ㄅㄨˋ-ㄓㄨˋ	掩藏不住	-6.60980192	sandhi
ㄧㄢˊ-ㄅㄨˋ-ㄐㄧㄣˋ-ㄧˋ	言不盡意	-6.30877192	sandhi
ㄧㄢˋ-ㄅㄨˋ-ㄒㄧㄚˋ	嚥不下	-6.74013569	sandhi
ㄧㄢˋ-ㄅㄨˋ-ㄒㄧㄚˋ-ㄓㄜˋ-ㄎㄡˇ-ㄑㄧˋ	嚥不下這口氣	-5.74707439	sandhi
ㄧㄣ-ㄏㄨㄣˊ-ㄅㄨˋ-ㄙㄢˋ	陰魂不散	-6.00774193	sandhi
ㄧㄣ-ㄑㄧㄥˊ-ㄅㄨˋ-ㄉㄧㄥˋ	陰晴不定	-6.30877192	sandhi
ㄧㄣˋ-ㄅㄨˋ-ㄉㄠˋ	印不到	-7.04116568	sandhi
ㄧㄤˇ-ㄦˊ-ㄅㄨˋ-ㄐㄧㄠˋ	養而不教	-6.60980192	sandhi
ㄧㄥ-ㄈㄚˇ	英法	-6.21725694	sandhi
ㄧㄥ-ㄈㄚˇ-ㄌㄧㄢˊ-ㄐㄩㄣ	英法聯軍	-6.00774193	sandhi
ㄧㄥ-ㄈㄚˇ-ㄗˋ-ㄉㄧㄢˇ	英法字典	-6.60980192	sandhi
ㄨˊ-ㄅㄧㄥˋ-ㄧˋ-ㄕㄣ-ㄑㄧㄥ	無病一身輕	-6.17843815	sandhi
ㄨˊ-ㄉㄠˋ-ㄧˋ-ㄧˇ-ㄍㄨㄢˋ-ㄓ	吾道一以貫之	-5.44604439	sandhi
ㄨˊ-ㄉㄨˊ-ㄅㄨˋ-ㄓㄤˋ-ㄈㄨ	無毒不丈夫	-6.17843815	sandhi
ㄨˊ-ㄍㄨㄢ-ㄧˋ-ㄕㄣ-ㄑㄧㄥ	無官一身輕	-6.17843815	sandhi
ㄨˊ-ㄍㄨㄥ-ㄅㄨˋ-ㄕㄡˋ-ㄌㄨˋ	無功不受祿	-6.17843815	sandhi
ㄨˊ-ㄕˊ-ㄅㄨˋ-ㄎㄜˋ	無時不刻	-5.53062067	sandhi
ㄨˊ-ㄙㄨㄛˇ-ㄅㄨˋ-ㄩㄥˋ-ㄑㄧˊ-ㄐㄧˊ	無所不用其極	-4.26995313	sandhi
ㄨˊ-ㄧˊ-ㄅㄨˋ-ㄋㄥˊ	無一不能	-6.60980192	sandhi
ㄨˊ-ㄧˊ-ㄅㄨˋ-ㄐㄧㄥ	無一不精	-6.00774193	sandhi
ㄨˊ-ㄨㄤˇ-ㄅㄨˋ-ㄌㄧˋ	無往不利	-5.22959067	sandhi
ㄨˋ-ㄓˊ-ㄅㄨˋ-ㄇㄧㄝˋ	物質不滅	-6.60980192	sandhi
ㄨˋ-ㄓˊ-ㄅㄨˋ-ㄇㄧㄝˋ-ㄉㄧㄥˋ-ㄌㄩˋ	物質不滅定律	-5.74707439	sandhi
ㄨㄛˇ-ㄅㄨˋ-ㄏㄨㄟˋ	我不會	-4.59091657	sandhi
ㄨㄛˇ-ㄅㄨˋ-ㄕˋ	我不是	-4.41998940	sandhi
ㄨㄛˇ-ㄅㄨˋ-ㄗㄞˋ	我不在	-5.66095444	sandhi
ㄨㄛˇ-ㄅㄨˋ-ㄜˋ	我不餓	-6.74013569	sandhi
ㄨㄛˇ-ㄇㄣˊ-ㄓㄜˋ-ㄧˋ-ㄅㄢ	我們這一班	-5.87740816	sandhi
ㄨㄛˇ-ㄧㄡˋ-ㄅㄨˋ-ㄕˋ	我又不是	-5.10465194	sandhi
ㄨㄟˇ-ㄇㄧˇ-ㄅㄨˋ-ㄓㄣˋ	委靡不振	-6.30877192	sandhi
ㄨㄟˇ-ㄇㄧˊ-ㄅㄨˋ-ㄓㄣˋ	萎靡不振	-5.83165067	sandhi
ㄨㄟˊ-ㄎㄨㄥˇ-ㄊㄧㄢ-ㄒㄧㄚˋ-ㄅㄨˋ-ㄌㄨㄢˋ	唯恐天下不亂	-5.74707439	sandhi
ㄨㄟˊ-ㄎㄨㄥˇ-ㄊㄧㄢ-ㄒㄧㄚˋ-ㄅㄨˋ-ㄌㄨㄢˋ	惟恐天下不亂	-5.74707439	sandhi
ㄨㄟˊ-ㄓ-ㄧ-ㄌㄧㄤˋ	為之一亮	-5.40568193	sandhi
ㄨㄟˊ-ㄕㄢˋ-ㄅㄨˋ-ㄩˋ-ㄖㄣˊ-ㄓ	為善不欲人知	-5.44604439	sandhi
ㄨㄟˋ-ㄓ-ㄧˋ-ㄒㄧㄣ	為之一新	-6.00774193	sandhi
ㄨㄢˊ-ㄧˊ-ㄒㄧㄚˋ	玩一下	-5.74013569	sandhi
ㄨㄢˋ-ㄓㄨㄥˋ-ㄧˋ-ㄒㄧㄣ	萬眾一心	-6.30877192	sandhi
ㄨㄢˋ-ㄨˊ-ㄧˋ-ㄕ	萬無一失	-5.40568193	sandhi
ㄨㄣˊ-ㄈㄥ-ㄅㄨˋ-ㄉㄨㄥˋ	文風不動	-6.30877192	sandhi
ㄨㄣˊ-ㄈㄥ-ㄅㄨˋ-ㄉㄨㄥˋ	紋風不動	-6.30877192	sandhi
ㄨㄣˊ-ㄙ-ㄅㄨˋ-ㄉㄨㄥˋ	紋絲不動	-6.30877192	sandhi
ㄨㄣˊ-ㄧˋ-ㄓ-ㄕˊ	聞一知十	-6.30877192	sandhi
ㄨㄤˋ-ㄅㄨˋ-ㄉㄧㄠˋ	忘不掉	-6.43910569	sandhi
ㄩˊ-ㄕˊ-ㄅㄨˋ-ㄏㄡˋ	逾時不候	-6.60980192	sandhi
ㄩˋ-ㄌㄧㄠˋ-ㄅㄨˋ-ㄉㄠˋ	預料不到	-6.60980192	sandhi
ㄩㄝ-ㄧ-ㄐㄧㄣ-ㄖㄡˋ	約一斤肉	-6.60980192	sandhi
ㄩㄝ-ㄧ-ㄩㄝ	約一約	-7.04116568	sandhi
ㄩㄝˋ-ㄌㄟˊ-ㄔˊ-ㄧˊ-ㄅㄨˋ	越雷池一步	-6.17843815	sandhi
ㄩㄢˊ-ㄈㄥ-ㄅㄨˋ-ㄉㄨㄥˋ	原封不動	-5.07832300	sandhi
ㄩㄢˊ-ㄩㄢˊ-ㄅㄨˋ-ㄉㄨㄢˋ	源源不斷	-5.26737924	sandhi
ㄩㄢˋ-ㄅㄨˋ-ㄩㄢˋ	願不願	-5.12735183	sandhi
ㄩㄢˋ-ㄅㄨˋ-ㄩㄢˋ-ㄧˋ	願不願意	-4.70671193	sandhi
ㄩㄥˇ-ㄓㄜˇ-ㄅㄨˋ-ㄐㄩˋ	勇者不懼	-6.00774193	sandhi
ㄩㄥˋ-ㄅㄨˋ-ㄉㄠˋ	用不到	-5.29297765	sandhi
ㄩㄥˋ-ㄅㄨˋ-ㄍㄨㄢˋ	用不慣	-7.04116568	sandhi
ㄩㄥˋ-ㄅㄨˋ-ㄐㄧㄣˋ	用不盡	-5.83704570	sandhi
ㄩㄥˋ-ㄗˋ-ㄅㄨˋ-ㄉㄤˋ	用字不當	-6.60980192	sandhi
ㄩㄥˋ-ㄘˊ-ㄅㄨˋ-ㄉㄤˋ	用詞不當	-6.30877192	sandhi
